filename,y,void_pixels,void_pixels.1,void_ratio_2d,void_connectivity,num_void_components,largest_void_area,fractal_dimension,void_aspect_ratio_mean,void_aspect_ratio_median,void_aspect_ratio_max,valid_void_regions_for_ar,gray_mean,gray_std,grad_mean,grad_std,dark_ratio,lap_var
1.png,2.93757256,2406716,2406716,0.2919836008871428,0.8974968380149548,549,2160020,1.4943201359026896,4.921265289894897,4.323143981655872,17.27171844526357,549,148.79617309570312,29.93671226501465,37.28733444213867,62.14752197265625,0.020565199385865134,414.965576171875
2.png,4.07514476,2904320,958955,0.3316978260493592,0.8748116439248974,323,838905,1.5322669621478358,4.468289432523771,3.834337352181457,16.893567121500457,323,148.3774871826172,34.782135009765625,49.05507278442383,74.39801788330078,0.03556793216177358,343.1867980957031
3.png,4.23004294,2904320,2729435,0.3098453358737585,0.8425641204131991,560,2299724,1.507481129085671,4.383602455356495,3.8662050983779936,22.867130276526108,560,158.9273223876953,38.498416900634766,46.11988067626953,68.09416961669922,0.03662456563289126,353.302978515625
4.png,4.46518225,2192926,2560425,0.3071980759154812,0.8521772752570375,569,2181936,1.534218776807277,5.080039491124068,4.297158816950191,22.948682267839523,569,149.0700225830078,36.35356521606445,49.35588836669922,76.27783203125,0.04065661860435633,509.0990905761719
5.png,4.55674514,2664829,1629569,0.3071222198558971,0.8868792913954548,461,1445231,1.5525349183718595,4.943210384254527,4.236589448291954,18.39804827288389,461,149.29074096679688,36.44773483276367,63.092464447021484,69.99574279785156,0.0329051469612655,373.1283264160156
6.png,2.8806175,2359308,2420493,0.3017986779421622,0.8650184074070861,1074,2093771,1.57238197521292,4.838703848238342,4.28006789972052,21.94853738129477,1074,149.95697021484375,36.9848518371582,55.356414794921875,87.26714324951172,0.037439493003418124,490.2917175292969
7.png,3.80488821,2546118,2589047,0.3099878820764764,0.8636069565365171,1000,2235919,1.58098397052672,4.248229353247737,3.660435127003624,19.69876972037829,1000,150.58612060546875,38.66436004638672,51.93257522583008,74.45733642578125,0.04003289011657849,347.7419128417969
8.png,4.25507529,3001649,2390118,0.3090418997458094,0.8456402570919093,1049,2021180,1.590241687905812,4.137639641500177,3.62299102628281,18.289505212341155,1049,158.9828338623047,41.14458084106445,68.39358520507812,85.53561401367188,0.0373303209123633,437.44488525390625
9.png,4.1632831,909685,2678813,0.329108314662289,0.7938441391765682,1167,2126560,1.6477735576387005,3.836977566291885,3.3885581494247083,13.845571789025133,1167,160.06895446777344,46.72258377075195,79.20663452148438,97.98499298095703,0.05483356173193548,620.6683959960938
10.png,4.35204435,894250,2904320,0.3380748224749821,0.7723212318201851,1093,2243068,1.6249458710861235,3.438802985061983,2.9414411287120603,16.859383612533822,1093,153.57164001464844,47.590450286865234,68.74131774902344,85.5345687866211,0.06097320040968534,510.6648254394531
11.png,3.04836088,894250,2192926,0.2872514349629934,0.91089530608876,1086,1997526,1.5461974513647971,4.995550503180385,4.41458462028768,19.613828517835827,1086,165.6417694091797,33.72573471069336,66.08533477783203,82.4722671508789,0.01949219136033009,443.57904052734375
12.png,3.95340116,1737594,2664829,0.3083008237308529,0.8481624899759046,1071,2260208,1.5934346674658226,4.334118238253859,3.8107139100331455,17.840306915382453,1071,163.17176818847656,41.383750915527344,73.30535125732422,91.58793640136719,0.040860998431185326,460.4019775390625
13.png,4.19788024,2192926,2359308,0.2968892609202667,0.8818280614485264,1000,2080504,1.5692578857457435,4.635513569090788,4.051418472472269,20.139655292798388,1000,162.9236602783203,37.46754837036133,74.32098388671875,90.59712982177734,0.0296779404817493,548.7386474609375
14.png,4.27674096,2638212,2546118,0.3046367853287214,0.8609365316140101,981,2192046,1.5893789683269404,4.671359833757433,4.07342376833704,18.939026010868417,981,159.79026794433594,39.65495681762695,74.01641845703125,91.48452758789062,0.03610178399749176,554.772216796875
15.png,4.43097639,2593061,3001649,0.337328783095267,0.7747714672834832,1225,2325592,1.6480505645286876,3.944700971441201,3.361898600573216,25.127415407829098,1225,154.31222534179688,48.72465896606445,83.17007446289062,105.30708312988281,0.06858565537927098,821.5338134765625
16.png,3.1030982,1654559,909685,0.309110710147439,0.8620511495737535,676,784195,1.5808807319726417,4.530227266931571,3.92590784231636,16.031245226847407,676,152.84109497070312,37.673545837402344,72.44271850585938,104.2229232788086,0.04188689327703668,854.0053100585938
17.png,4.09496033,415285,894250,0.2979343661502582,0.8989331842325972,587,803871,1.5063771712538587,5.198532804945905,4.511322387246487,18.84157002372728,587,153.96920776367188,32.827842712402344,62.37028884887695,92.85980224609375,0.028754530966033323,597.9570922851562
18.png,4.20479148,156031,894250,0.2979343661502582,0.8989331842325972,587,803871,1.5063771712538587,5.198532804945905,4.511322387246487,18.84157002372728,587,153.96920776367188,32.827842712402344,62.37028884887695,92.85980224609375,0.028754530966033323,597.9570922851562
19.png,4.15361967,2638258,1737594,0.3186982189264036,0.8424839174168419,696,1463895,1.59856652179745,4.096833932555658,3.456998463948838,17.37730841454057,696,161.60704040527344,39.01378631591797,51.017738342285156,75.691162109375,0.0375439047160212,286.97235107421875
20.png,4.48915588,1820229,2638212,0.308993446304815,0.843760850151542,1009,2226020,1.5906498251267895,4.385181464059207,3.8289990378803855,18.20132401042877,1009,153.18988037109375,39.454410552978516,68.32759094238281,85.05355072021484,0.042004902188836686,446.75482177734375
21.png,3.36238022,941331,2593061,0.3085434296490529,0.8478628154139066,1117,2198560,1.5957479849024296,4.352492921236375,3.83475967065213,17.100113424624336,1117,157.3178253173828,40.80138397216797,76.64423370361328,90.75413513183594,0.03900575035459847,611.5781860351562
22.png,3.64889618,2689799,1654559,0.3091420190205713,0.8788982441847042,777,1454189,1.5999480779679265,4.510004958495194,3.8881445398058223,18.727494173301874,777,143.7953338623047,32.903297424316406,56.524871826171875,71.54373931884766,0.03046326452584724,294.106201171875
23.png,4.0485162,2413558,415285,0.293259656803898,0.8826974246601731,458,366571,1.600138487350648,4.800954909612248,4.361774017652132,21.246874901154552,458,142.27206420898438,35.01250076293945,84.1287841796875,105.41586303710938,0.02988567296121227,1307.1649169921875
24.png,3.93262247,2664829,156031,0.323542585089309,0.8655395402195718,288,135051,1.6415263918097514,4.061802011330389,3.732982946767408,13.520433734673365,288,149.46620178222656,42.23452377319336,129.27978515625,134.7875518798828,0.042863948936365616,2713.23681640625
25.png,4.45599446,2497461,2638258,0.3573863712561579,0.7310717905527057,933,1928756,1.6749099473763998,3.73187467431748,3.259790055821356,14.58554044828462,933,159.48500061035156,54.1873664855957,81.44539642333984,103.5823974609375,0.0847744655087155,575.3754272460938
26.png,2.82273634,2719193,1820229,0.3456043517885623,0.8068550715322083,669,1468661,1.6545037714468127,4.098170897747619,3.555681727509307,16.28269725233664,669,151.35345458984375,45.2524528503418,75.4861068725586,86.47179412841797,0.0581540388945539,409.906005859375
27.png,3.67166,2393406,941331,0.307200853724602,0.8726441602369411,590,821447,1.5855495300113691,4.873631698024549,4.229980261881067,20.47832752382566,590,146.46368408203125,33.28245544433594,62.320831298828125,86.95463562011719,0.034162851736284604,628.3609619140625
28.png,4.0216472,1662732,2689799,0.3035024201331245,0.8614026549939233,976,2317000,1.5614052885736744,4.558763922234865,4.012978174208726,16.86152894270655,976,142.04977416992188,34.531471252441406,46.25855255126953,75.76354217529297,0.03745017521943683,460.6484069824219
29.png,4.04517079,2842805,2413558,0.3156948291253691,0.8286989581356653,1025,2000113,1.6108767965529402,4.336884638132252,3.7857577062924928,17.139661345535767,1025,148.61289978027344,39.24074172973633,69.68850708007812,84.6719741821289,0.04778490896888602,465.2440490722656
30.png,4.42134442,2929598,2497461,0.2909132313713613,0.8957921665243221,894,2237206,1.5312919902379556,4.968858651211158,4.337563703560882,24.6760357730851,894,135.9781951904297,29.57367515563965,44.880653381347656,71.35587310791016,0.02657077663552462,476.11431884765625
31.png,3.20920438,1169020,2719193,0.3118265858077484,0.840271727678028,714,2284861,1.577129218094292,4.51498335210559,4.0112797029014935,15.965288366452064,714,152.0705108642578,39.29617691040039,61.90633010864258,79.34765625,0.045192938277131174,439.5904541015625
32.png,3.71670156,1977419,2393406,0.2969515458029924,0.8805501448563261,848,2107514,1.5397434264438845,4.561039109933635,3.859956609378582,20.13512969432349,848,140.4337615966797,30.89186668395996,45.08927917480469,67.17652893066406,0.025756152599210772,399.6533203125
33.png,4.07514476,2494289,1662732,0.3097206681433081,0.8432098498134396,770,1402032,1.6157731129331314,4.932416977215424,4.287370179091662,19.862455331646466,770,137.5909881591797,34.90357208251953,62.55511474609375,89.32035064697266,0.04624001996951623,613.0352783203125
34.png,4.1244364,2112361,2842805,0.3161835462945373,0.8343815351387098,897,2371984,1.59381064079077,4.801550052744455,4.122280717983027,28.54822127546833,897,139.3435516357422,36.08762741088867,54.05876922607422,75.4271240234375,0.049594427039744655,452.01104736328125
35.png,4.35204435,2359308,2929598,0.3431212435951672,0.7598383805559671,879,2226021,1.6247511173425964,4.302649382388103,3.622524492712116,18.22269114293734,879,147.99815368652344,47.401588439941406,67.26151275634766,93.47081756591797,0.07988086305784395,583.23876953125
36.png,2.99318222,2205840,1169020,0.3748700884120307,0.8131049939265368,586,950536,1.6899141444939951,3.698949461788382,3.146467617354743,27.467247211935984,586,151.15011596679688,53.57524871826172,105.90335845947266,117.81745910644531,0.0901417130415247,1200.95166015625
37.png,3.70636046,429520,1977419,0.2860997844072052,0.9144526273895416,727,1808256,1.5140129311517474,5.493860198778688,4.7252186266816505,20.35795002152219,727,158.576171875,30.12846565246582,45.914207458496094,74.56488800048828,0.018898440720902052,468.4200744628906
38.png,4.07935663,430016,2494289,0.3079515127630742,0.8719771445890994,751,2174963,1.5572209191359785,4.578734994197025,4.001267672737314,17.02208009078826,751,161.75238037109375,39.120811462402344,63.04508590698242,77.62360382080078,0.03758098100586738,295.9110107421875
39.png,4.4520531,499989,2112361,0.2904064431716587,0.9008308712383916,658,1902880,1.4894144034750354,4.482263650572061,3.831609664008263,22.476769212682367,658,167.32859802246094,32.57612609863281,43.44529724121094,65.51222229003906,0.018944527683651374,352.7742919921875
40.png,4.32391367,526243,2205840,0.3010214866600008,0.8685217422841185,776,1915820,1.5296050929574982,4.278402879622024,3.723613194253387,18.03417585076064,776,161.07443237304688,37.54882049560547,53.48213195800781,75.3051528930664,0.031181806085336643,440.7896728515625
41.png,3.20920438,494316,429520,0.3007790479858546,0.864357887874837,467,371259,1.6071632575995831,4.3489021842281135,3.786466243476637,14.284050490140205,467,161.8502960205078,38.318363189697266,81.2137680053711,111.98304748535156,0.029495566202263693,1101.694580078125
42.png,4.03511196,2760958,430016,0.2986222222222222,0.8657166244976932,451,372272,1.6017952834262708,4.36131918543406,3.919308723672404,16.468806689556917,451,176.21055603027344,40.72706985473633,91.80789947509766,120.27202606201172,0.03028469297522519,1151.3436279296875
43.png,4.0216472,2209008,499989,0.3194815849957923,0.8152179347945655,408,407600,1.6307276372595407,3.738718410734652,3.197577621428721,17.270854900740762,408,168.36611938476562,45.48093795776367,80.68460845947266,113.00837707519531,0.041934781368772,987.208251953125
44.png,4.1146438,2387033,526243,0.3384179770020624,0.7700225941247675,431,405219,1.653800766581514,3.556224571501878,3.0313676638417246,12.121028821380516,431,161.61106872558594,49.83447265625,101.85000610351562,127.51055145263672,0.06452882258970195,1421.77099609375
45.png,4.17879418,495744,494316,0.3194213252551152,0.812308320993049,453,401537,1.6580924627186464,4.110682859816394,3.567828270796865,17.55683619679204,453,148.504638671875,43.97212600708008,103.45848083496094,119.99991607666016,0.05556132969882554,1681.819580078125
46.png,2.99362357,2546118,2760958,0.3066723181425482,0.8792017118695757,892,2427439,1.544178464327432,4.694572342297676,4.158476411404639,16.23612898283552,892,145.94631958007812,34.0336799621582,41.45877456665039,70.29464721679688,0.036688841592308376,283.2701721191406
47.png,3.84805972,2515625,2209008,0.2925255684165697,0.8933199879765035,810,1973351,1.5428175640213715,5.216034251678655,4.6240125115472255,20.54855904241544,810,137.38279724121094,30.76078224182129,46.66106414794922,74.8256607055664,0.0307395154569825,458.8094177246094
48.png,3.81212549,1433621,2387033,0.3205172085284059,0.8145341937040669,768,1944320,1.601186015947052,4.331956801108528,3.7897739410190887,15.537662071096522,768,152.77267456054688,41.28181838989258,66.23780822753906,88.44583892822266,0.053024317699649666,502.0940246582031
49.png,3.97403802,860954,495744,0.3271458088204725,0.7982910534469404,369,395748,1.6484520344987554,3.767641607166472,3.3080243491101413,13.624139176563952,369,147.28858947753906,42.48907470703125,83.38026428222656,108.82080841064453,0.05974519629428416,1080.1923828125
50.png,4.21344421,2419270,2515625,0.3037136581895871,0.8606938633540373,860,2165183,1.5475937665526265,3.537111641849318,2.908630119723176,20.04785767825644,860,151.5244903564453,36.12964630126953,47.607696533203125,64.80757904052734,0.023700246676570794,394.78326416015625
51.png,3.4119147,956502,1433621,0.3133378648925102,0.844285902620009,650,1210386,1.6107668553095782,4.361192616118959,3.78781981382586,17.184783483644786,650,158.24334716796875,39.22113037109375,66.2557373046875,88.21215057373047,0.04226442141802527,580.8770141601562
52.png,3.84805972,2729696,860954,0.2989672750506986,0.8988366393558773,508,773857,1.533903261026887,4.390179595305439,3.689872308441213,14.130991314600235,508,134.4051513671875,35.27338790893555,48.5658073425293,71.00287628173828,0.029206092705320486,386.5677795410156
53.png,4.1015361,2663545,2419270,0.3101290641569911,0.8420374741140922,650,2037116,1.5653031329973852,4.489819472782324,3.892350502646262,17.764268214399113,650,147.42547607421875,38.67919158935547,52.07212829589844,80.73908233642578,0.04646463980192269,501.6672668457031
54.png,4.23004294,2376373,956502,0.312149016659226,0.8491534779854093,432,812217,1.546795267796142,4.04869234835868,3.704775188437911,14.814056744789603,432,154.15269470214844,40.08893585205078,68.04234313964844,83.76268768310547,0.03945070312108956,603.8976440429688
55.png,4.17879418,2628607,2729696,0.3252499907954725,0.8049720554962897,843,2197329,1.6002385657230471,4.120311443378564,3.582176447848844,18.92492578564229,843,145.59371948242188,42.7475700378418,72.78874969482422,86.54644775390625,0.05813449728599659,589.668212890625
56.png,2.93757256,3194095,2663545,0.3206801555131012,0.8149556324372218,771,2170671,1.6033360541165649,4.63675797636131,4.110042957736367,19.684174884728485,771,138.30577087402344,39.588043212890625,60.22079086303711,90.07796478271484,0.061693006431445936,578.887939453125
57.png,4.03511196,3001649,2376373,0.3061627746980209,0.8515325666467344,725,2023559,1.5488270680843106,4.330455881494607,3.6939616582404753,14.84664557024344,725,148.71630859375,36.36193084716797,52.085792541503906,73.09989166259766,0.04003342872779116,378.7279357910156
58.png,3.85519654,3119181,2628607,0.3362415089203665,0.7748849485678155,608,2036868,1.584668921468252,4.307084176618957,3.623180971386387,18.772629186303263,608,133.54916381835938,42.940757751464844,57.31674575805664,82.54994201660156,0.0794682179948084,545.8514404296875
59.png,4.21112505,442019,3194095,0.3606467104217251,0.7235373399977145,853,2311047,1.61405624263713,3.7109324809062287,3.1237868404847218,19.37952320909817,853,130.9972686767578,46.5506706237793,51.412452697753906,74.38516235351562,0.10026060107989714,452.0240478515625
60.png,4.14414414,2394416,3119181,0.3514791523206926,0.7437231119322668,750,2319807,1.5822970739317863,3.672801821119181,3.147219707758921,25.09346400021525,750,139.83633422851562,48.10551834106445,53.88277816772461,75.8438949584961,0.08795312972533444,417.6918029785156
61.png,3.20920438,2449100,442019,0.2888693993931389,0.903366144894224,374,399305,1.5380637024775174,4.887980283980344,4.318958282632358,25.630597892038484,374,169.0557861328125,35.13998031616211,68.73689270019531,105.24407196044922,0.020204003130347124,964.8654174804688
62.png,3.4119147,2728268,2394416,0.3186996120499699,0.8220593246954581,565,1968352,1.5602474963349149,4.00259495385703,3.680718995412431,16.19255992225369,565,160.96072387695312,42.939002990722656,50.53849411010742,71.416259765625,0.05074225097629473,372.83154296875
63.png,3.9808857,450043,2449100,0.3119394171900259,0.8384520844391817,686,2053453,1.5645754591702463,4.752806605984194,4.096634764879537,20.476155108076213,686,157.39633178710938,41.39377975463867,71.16719818115234,88.4028549194336,0.046531568202078495,575.2153930664062
64.png,3.86942062,2334022,2728268,0.3284725456192471,0.7956223508834176,848,2170671,1.592304402223124,3.877919915423353,3.1704846122896844,25.203477084369045,848,151.8224334716797,46.0101203918457,74.58563232421875,90.70026397705078,0.057362163347322304,618.7342529296875
65.png,4.28274428,1600487,450043,0.2950666295136783,0.8846088040476132,417,398112,1.582265059972238,4.782215076584888,4.270847581883484,14.652950400818058,417,174.2693634033203,39.34526824951172,89.23326110839844,117.50538635253906,0.028142770655460336,1255.3797607421875
66.png,2.8806175,2577134,2334022,0.2987729813972689,0.8739424906877484,621,2039801,1.5255607085248686,5.015486088579725,4.314854959761425,19.282314401491902,621,150.65806579589844,34.856143951416016,43.54193878173828,74.08234405517578,0.033223033398358325,465.3482666015625
67.png,3.93262247,2602957,1600487,0.2916746397182989,0.9197213098263216,470,1472002,1.49169476368533,4.87534876275749,4.216725771779215,17.144527745061385,470,154.33412170410156,28.95811653137207,33.28608322143555,59.11568069458008,0.019588991110284767,216.17633056640625
68.png,4.00812151,909685,2577134,0.3028754987872095,0.8627999164963871,576,2223551,1.5299197077387203,4.670995260960372,3.96101174652898,21.65238298432497,576,151.465576171875,37.66682052612305,43.216712951660156,73.20259094238281,0.039267463973964176,438.8406677246094
69.png,4.36808019,2572994,2602957,0.3069617431846999,0.8498838052261332,532,2212211,1.497985648239748,4.058056539419128,3.3630121388859777,21.156817836206454,532,160.7234649658203,38.89170837402344,38.494110107421875,64.53522491455078,0.028796141899989167,369.79180908203125
70.png,4.24809425,2447881,2572994,0.3187844780217227,0.8459530026109661,522,2176632,1.552159970382375,3.932501797031751,3.26615214163056,22.07899019763077,522,157.70321655273438,42.55549621582031,43.10591125488281,58.09912872314453,0.04481546513704886,258.9698181152344
71.png,3.28656887,2552424,2447881,0.3054292056670353,0.8565498077725183,526,2096732,1.5294215332015917,4.951975682407284,4.424829480877963,23.303787812008977,526,159.8326873779297,37.763824462890625,47.29518508911133,76.00813293457031,0.038861432273804834,470.11529541015625
72.png,4.06436548,2566636,2552424,0.3184733387143725,0.8214669663034041,709,2096732,1.563453334158739,4.329614457837064,3.784795803057507,17.354373307203996,709,154.39169311523438,42.8189697265625,71.46416473388672,86.41149139404297,0.051023446235216374,546.8447875976562
73.png,4.34097781,1911915,2566636,0.3225210827639616,0.8144127176584447,671,2090301,1.554281898530184,4.540546484525919,3.8675914650719374,18.76963569615693,671,140.96778869628906,41.40513610839844,64.12789916992188,84.44701385498047,0.06411228728005448,672.701416015625
74.png,4.4520531,2541054,1911915,0.3521800397877984,0.7797851891951264,590,1490883,1.6313527704532187,3.9823917921864096,3.568258519357544,16.496355937733103,590,146.3700714111328,48.94109344482422,76.66291809082031,87.8781509399414,0.0797172814992507,447.2301940917969
75.png,4.50280062,119387,2541054,0.3199866920602172,0.816542269467709,637,2074878,1.5751650599586722,4.375940854268212,3.845864764445504,16.31660328750535,637,157.33326721191406,44.136898040771484,69.97113037109375,87.47931671142578,0.05447553191962735,579.0206909179688
76.png,3.19426121,404556,119387,0.2979542737634424,0.8762093025203749,196,104608,1.5863044050249475,4.554357668676927,4.217756375180621,10.69412869492568,196,146.98712158203125,41.086517333984375,100.10932159423828,123.60948944091797,0.053987799068388735,2096.001708984375
77.png,4.1146438,2252857,404556,0.2856832144622555,0.906101998240046,331,366569,1.5440988281358896,5.076988863033106,4.554943241474069,17.277988831526468,331,158.19598388671875,33.701438903808594,65.63884735107422,101.80723571777344,0.02158871113736625,981.5040893554688
78.png,4.1146438,2784771,2252857,0.3099515767947239,0.8422616260153218,591,1897495,1.559519509545119,4.311073252228384,3.675678401514241,22.745773889787323,591,157.17422485351562,40.822906494140625,56.66624450683594,76.1681137084961,0.04195929365669645,407.30718994140625
79.png,4.14392418,894250,2784771,0.3286283882042327,0.7954941357835168,620,2215269,1.561053811904376,4.174463420708317,3.514406578106553,17.158541128920774,620,154.7084197998047,44.1225471496582,64.12977600097656,83.45228576660156,0.05519491971065053,556.8546142578125
80.png,4.35204435,1388398,1388398,0.3064551231539054,0.8637991411684546,531,1199297,1.5737850104871645,4.808750985363304,4.138151638283554,25.177417768305183,531,163.21929931640625,41.581642150878906,78.49818420410156,93.90054321289062,0.039224889184948146,658.7362060546875
81.png,3.1947079,901792,901792,0.2976865542063041,0.8874507646996204,748,800296,1.5625623830305322,4.847814018244391,4.2355527211824295,18.12079098812752,748,142.8860321044922,32.24224090576172,68.1301498413086,87.13700866699219,0.02967488564176836,767.0628662109375
82.png,3.98428625,1947946,1947946,0.2740669225821084,0.9502044717872056,727,1850947,1.446051069503389,4.959755396853618,4.420585661411424,21.70838038744968,727,145.74063110351562,23.701831817626953,38.65610122680664,61.99297332763672,0.004178359090432634,403.46954345703125
83.png,4.04889143,2444620,2444620,0.3039477322596239,0.858677831319387,1064,2099141,1.5685768803824307,4.3058462273054525,3.7231448363329065,17.843990849807515,1064,150.72850036621094,36.11943435668945,65.85032653808594,79.22604370117188,0.032176399766779155,487.3603210449219
84.png,4.33045945,2146292,2146292,0.2924629098880303,0.8938164052235203,929,1918391,1.548293363316544,4.560156772816585,4.017903302409453,21.74857357827571,929,147.4646453857422,31.208711624145508,55.10976791381836,71.50582885742188,0.020320932174449517,450.698974609375
85.png,4.31266733,2600669,2600669,0.3206307057584269,0.8134291599584569,1062,2115460,1.6219768774715015,4.068806080111088,3.579361901970729,15.752302277104723,1062,146.3378143310547,41.03248596191406,70.7425537109375,83.52750396728516,0.04876565466494458,588.0042724609375
86.png,2.93757256,901792,901792,0.2976865542063041,0.8874507646996204,748,800296,1.5625623830305322,4.847814018244391,4.2355527211824295,18.12079098812752,748,142.8860321044922,32.24224090576172,68.1301498413086,87.13700866699219,0.02967488564176836,767.0628662109375
87.png,4.07514476,1947946,1947946,0.2740669225821084,0.9502044717872056,727,1850947,1.446051069503389,4.959755396853618,4.420585661411424,21.70838038744968,727,145.74063110351562,23.701831817626953,38.65610122680664,61.99297332763672,0.004178359090432634,403.46954345703125
88.png,4.23004294,2444620,2444620,0.3039477322596239,0.858677831319387,1064,2099141,1.5685768803824307,4.3058462273054525,3.7231448363329065,17.843990849807515,1064,150.72850036621094,36.11943435668945,65.85032653808594,79.22604370117188,0.032176399766779155,487.3603210449219
89.png,4.46518225,2146292,2146292,0.2924629098880303,0.8938164052235203,929,1918391,1.548293363316544,4.560156772816585,4.017903302409453,21.74857357827571,929,147.4646453857422,31.208711624145508,55.10976791381836,71.50582885742188,0.020320932174449517,450.698974609375
90.png,4.55674514,894250,2600669,0.3206307057584269,0.8134291599584569,1062,2115460,1.6219768774715015,4.068806080111088,3.579361901970729,15.752302277104723,1062,146.3378143310547,41.03248596191406,70.7425537109375,83.52750396728516,0.04876565466494458,588.0042724609375
91.png,2.93757256,2600669,2406716,0.2919836008871428,0.8974968380149548,549,2160020,1.4839616024489757,4.921265289894898,4.323143981655872,17.271718445263573,549,148.7961883544922,29.93671989440918,37.287330627441406,62.147525787353516,0.020565199385865134,414.965576171875
92.png,4.07514476,2406716,958955,0.3316978260493592,0.8748116439248974,323,838905,1.5417114930381517,4.468289432523773,3.834337352181457,16.893567121500357,323,148.3775177001953,34.78214645385742,49.05507278442383,74.3980484008789,0.03556793216177358,343.1868896484375
93.png,4.23004294,958955,2729435,0.3098453358737585,0.8425641204131991,560,2299724,1.5302376665777129,4.383602455356495,3.866205098377992,22.867130276526083,560,158.92726135253906,38.49842071533203,46.11986541748047,68.09416198730469,0.03662456563289126,353.30291748046875
94.png,4.46518225,2729435,2560425,0.3071980759154812,0.8521772752570375,569,2181936,1.5387308359317349,5.080039491124066,4.297158816950193,22.94868226783845,569,149.06993103027344,36.35357666015625,49.35588836669922,76.27784729003906,0.04065661860435633,509.0992736816406
95.png,4.55674514,2560425,1629569,0.3071222198558971,0.8868792913954548,461,1445231,1.5468083896632192,4.943210384254524,4.236589448291956,18.398048272883774,461,149.29083251953125,36.44773864746094,63.09246063232422,69.99573516845703,0.0329051469612655,373.1285400390625
96.png,2.8806175,1629569,2420493,0.3017986779421622,0.8650184074070861,1074,2093771,1.5956514382109217,4.838703848238343,4.28006789972052,21.94853738129477,1074,149.9569091796875,36.984859466552734,55.356422424316406,87.26712799072266,0.037439493003418124,490.2916564941406
97.png,3.80488821,2420493,2589047,0.3099878820764764,0.8636069565365171,1000,2235919,1.5958549859056674,4.248229353247738,3.6604351270036255,19.69876972037872,1000,150.58631896972656,38.664371490478516,51.93256378173828,74.45730590820312,0.04003289011657849,347.74176025390625
98.png,4.25507529,2589047,2390118,0.3090418997458094,0.8456402570919093,1049,2021180,1.583544858811442,4.137639641500177,3.6229910262828096,18.28950521234136,1049,158.98280334472656,41.14457702636719,68.3935317993164,85.53560638427734,0.0373303209123633,437.4451599121094
99.png,4.1632831,2390118,2678813,0.329108314662289,0.7938441391765682,1167,2126560,1.641709241228177,3.836977566291885,3.388558149424709,13.84557178902479,1167,160.0690155029297,46.72258377075195,79.20661163330078,97.9849853515625,0.05483356173193548,620.6686401367188
100.png,4.35204435,2678813,2904320,0.3380748224749821,0.7723212318201851,1093,2243068,1.6050122211371605,3.4388029850619835,2.94144112871206,16.859383612533822,1093,153.57171630859375,47.590457916259766,68.74125671386719,85.53457641601562,0.06097320040968534,510.6646728515625
101.png,3.04836088,1737594,2192926,0.2872514349629934,0.91089530608876,1086,1997526,1.546641357910767,4.995550503180384,4.414584620287676,19.61382851783529,1086,165.64175415039062,33.725730895996094,66.08540344238281,82.4722900390625,0.01949219136033009,443.5785217285156
102.png,3.95340116,2904320,2664829,0.3083008237308529,0.8481624899759046,1071,2260208,1.5827330107641715,4.3341182382538594,3.8107139100331486,17.840306915382463,1071,163.17164611816406,41.383750915527344,73.30535888671875,91.58788299560547,0.040860998431185326,460.4023132324219
103.png,4.19788024,2192926,2359308,0.2968892609202667,0.8818280614485264,1000,2080504,1.5755554420749476,4.635513569090788,4.051418472472268,20.139655292799485,1000,162.92367553710938,37.4675407409668,74.32098388671875,90.59712982177734,0.0296779404817493,548.7383422851562
104.png,4.27674096,2664829,2546118,0.3046367853287214,0.8609365316140101,981,2192046,1.5688063241782495,4.671359833757434,4.073423768337038,18.93902601086779,981,159.7904052734375,39.65495681762695,74.01640319824219,91.48452758789062,0.03610178399749176,554.771484375
105.png,4.43097639,2359308,3001649,0.337328783095267,0.7747714672834832,1225,2325592,1.6310263193370726,3.944700971441201,3.361898600573216,25.12741540782908,1225,154.3121795654297,48.72465515136719,83.17005157470703,105.30706024169922,0.06858565537927098,821.5331420898438
106.png,3.1030982,2546118,909685,0.309110710147439,0.8620511495737535,676,784195,1.5750686001502323,4.530227266931571,3.92590784231636,16.03124522684747,676,152.84103393554688,37.67354965209961,72.44275665283203,104.222900390625,0.04188689327703668,854.0050048828125
107.png,4.09496033,3001649,894250,0.2979343661502582,0.8989331842325972,587,803871,1.538643681590773,5.198532804945901,4.511322387246487,18.84157002372699,587,153.96923828125,32.82784652709961,62.37028884887695,92.85981750488281,0.028754530966033323,597.9572143554688
108.png,4.20479148,909685,894250,0.2979343661502582,0.8989331842325972,587,803871,1.538643681590773,5.198532804945901,4.511322387246487,18.84157002372699,587,153.96923828125,32.82784652709961,62.37028884887695,92.85981750488281,0.028754530966033323,597.9572143554688
109.png,4.15361967,894250,1737594,0.3186982189264036,0.8424839174168419,696,1463895,1.60277705774318,4.096833932555659,3.456998463948838,17.37730841454155,696,161.60707092285156,39.013790130615234,51.017765045166016,75.69117736816406,0.0375439047160212,286.9725341796875
110.png,4.48915588,894250,2638212,0.308993446304815,0.843760850151542,1009,2226020,1.595275631929049,4.385181464059207,3.828999037880385,18.20132401042907,1009,153.18980407714844,39.454410552978516,68.32763671875,85.05357360839844,0.042004902188836686,446.75494384765625
111.png,3.36238022,1737594,2593061,0.3085434296490529,0.8478628154139066,1117,2198560,1.5944404901464908,4.352492921236373,3.83475967065213,17.100113424624286,1117,157.3178253173828,40.801395416259766,76.644287109375,90.75415802001953,0.03900575035459847,611.5789794921875
112.png,3.64889618,958955,1654559,0.3091420190205713,0.8788982441847042,777,1454189,1.6037374631140884,4.510004958495195,3.8881445398058223,18.727494173301643,777,143.79530334472656,32.90329360961914,56.524871826171875,71.54374694824219,0.03046326452584724,294.1059875488281
113.png,4.0485162,2638212,415285,0.293259656803898,0.8826974246601731,458,366571,1.608394248883742,4.800954909612249,4.361774017652127,21.24687490115468,458,142.27198791503906,35.01250076293945,84.12879943847656,105.41586303710938,0.02988567296121227,1307.165283203125
114.png,3.93262247,2638212,156031,0.323542585089309,0.8655395402195718,288,135051,1.6262748241175309,4.0618020113303865,3.732982946767408,13.520433734673212,288,149.46620178222656,42.23452377319336,129.27975463867188,134.78756713867188,0.042863948936365616,2713.236328125
115.png,4.45599446,2593061,2638258,0.3573863712561579,0.7310717905527057,933,1928756,1.664459510625916,3.731874674317481,3.259790055821358,14.58554044828453,933,159.48495483398438,54.18735122680664,81.44535064697266,103.58244323730469,0.0847744655087155,575.375244140625
116.png,2.82273634,1654559,1820229,0.3456043517885623,0.8068550715322083,669,1468661,1.6528756571232242,4.098170897747621,3.555681727509308,16.282697252336774,669,151.35348510742188,45.25245666503906,75.48606872558594,86.47174835205078,0.0581540388945539,409.9057312011719
117.png,3.67166,415285,941331,0.307200853724602,0.8726441602369411,590,821447,1.5534033181263718,4.873631698024546,4.229980261881072,20.47832752382447,590,146.46360778808594,33.282447814941406,62.32085037231445,86.95462799072266,0.034162851736284604,628.3606567382812
118.png,4.0216472,156031,2689799,0.3035024201331245,0.8614026549939233,976,2317000,1.5800378957017611,4.558763922234866,4.012978174208728,16.861528942706553,976,142.0499267578125,34.531463623046875,46.25850296020508,75.7635269165039,0.03745017521943683,460.6484680175781
119.png,4.04517079,2638258,2413558,0.3156948291253691,0.8286989581356653,1025,2000113,1.6286821355300345,4.336884638132252,3.7857577062924928,17.139661345535853,1025,148.61288452148438,39.2407341003418,69.68850708007812,84.67201232910156,0.04778490896888602,465.243896484375
120.png,4.42134442,1820229,2497461,0.2909132313713613,0.8957921665243221,894,2237206,1.5395192457896378,4.968858651211157,4.337563703560879,24.6760357730851,894,135.97817993164062,29.57366943359375,44.880680084228516,71.35587310791016,0.02657077663552462,476.1142272949219
121.png,3.20920438,941331,2719193,0.3118265858077484,0.840271727678028,714,2284861,1.5640427345753989,4.514983352105589,4.01127970290149,15.965288366451707,714,152.0706329345703,39.29618835449219,61.90641403198242,79.34769439697266,0.045192938277131174,439.5900573730469
122.png,3.71670156,2689799,2393406,0.2969515458029924,0.8805501448563261,848,2107514,1.5524345289063468,4.561039109933633,3.8599566093785818,20.13512969432347,848,140.43397521972656,30.891849517822266,45.08930587768555,67.17655181884766,0.025756152599210772,399.653076171875
123.png,4.07514476,2413558,1662732,0.3097206681433081,0.8432098498134396,770,1402032,1.619459464128669,4.932416977215422,4.287370179091666,19.862455331646466,770,137.5909423828125,34.903560638427734,62.55512619018555,89.32035064697266,0.04624001996951623,613.0350952148438
124.png,4.1244364,2593061,2842805,0.3161835462945373,0.8343815351387098,897,2371984,1.5859107315327357,4.801550052744455,4.122280717983028,28.54822127546836,897,139.34364318847656,36.087646484375,54.05879592895508,75.42713165283203,0.049594427039744655,452.0110168457031
125.png,4.35204435,2497461,2929598,0.3431212435951672,0.7598383805559671,879,2226021,1.6449043443026738,4.3026493823881005,3.6225244927121136,18.222691142936565,879,147.9981231689453,47.40159606933594,67.26148223876953,93.4708480834961,0.07988086305784395,583.2391357421875
126.png,2.99318222,2719193,1169020,0.3748700884120307,0.8131049939265368,586,950536,1.617144032323924,3.698949461788382,3.14646761735474,27.467247211935987,586,151.1502227783203,53.57524871826172,105.9033203125,117.81745147705078,0.0901417130415247,1200.951904296875
127.png,3.70636046,2393406,1977419,0.2860997844072052,0.9144526273895416,727,1808256,1.5203247008805063,5.493860198778686,4.725218626681649,20.357950021520644,727,158.57614135742188,30.12847328186035,45.91423797607422,74.56488037109375,0.018898440720902052,468.41998291015625
128.png,4.07935663,1662732,2494289,0.3079515127630742,0.8719771445890994,751,2174963,1.5502445148497543,4.578734994197023,4.001267672737314,17.02208009078799,751,161.75245666503906,39.12080001831055,63.04508972167969,77.62358093261719,0.03758098100586738,295.9111022949219
129.png,4.4520531,2842805,2112361,0.2904064431716587,0.9008308712383916,658,1902880,1.5070324150964238,4.482263650572061,3.8316096640082633,22.47676921268241,658,167.32867431640625,32.576133728027344,43.445274353027344,65.51220703125,0.018944527683651374,352.77423095703125
130.png,4.32391367,2929598,2205840,0.3010214866600008,0.8685217422841185,776,1915820,1.5488536407306814,4.278402879622024,3.723613194253383,18.03417585076108,776,161.07449340820312,37.5488166809082,53.482120513916016,75.30514526367188,0.031181806085336643,440.7899475097656
131.png,3.20920438,1169020,429520,0.3007790479858546,0.864357887874837,467,371259,1.609867917413121,4.348902184228114,3.7864662434766334,14.284050490140508,467,161.85031127929688,38.318363189697266,81.21380615234375,111.98307800292969,0.029495566202263693,1101.694580078125
132.png,4.03511196,1977419,430016,0.2986222222222222,0.8657166244976932,451,372272,1.5926821925861947,4.36131918543406,3.919308723672406,16.468806689557066,451,176.21055603027344,40.72706985473633,91.80795288085938,120.27201080322266,0.03028469297522519,1151.343994140625
133.png,4.0216472,2494289,499989,0.3194815849957923,0.8152179347945655,408,407600,1.6336642089752602,3.738718410734652,3.1975776214287217,17.27085490074071,408,168.36610412597656,45.48093795776367,80.68460083007812,113.00836181640625,0.041934781368772,987.2080688476562
134.png,4.1146438,2112361,526243,0.3384179770020624,0.7700225941247675,431,405219,1.6603761011046945,3.556224571501878,3.031367663841724,12.121028821380564,431,161.61099243164062,49.834468841552734,101.85000610351562,127.51055145263672,0.06452882258970195,1421.770751953125
135.png,4.17879418,1654559,494316,0.3194213252551152,0.812308320993049,453,401537,1.6583074233932962,4.110682859816396,3.567828270796867,17.556836196792066,453,148.50460815429688,43.97212600708008,103.45850372314453,119.9999008178711,0.05556132969882554,1681.8192138671875
136.png,2.99362357,2205840,2760958,0.3066723181425482,0.8792017118695757,892,2427439,1.5444025987808567,4.694572342297676,4.158476411404639,16.23612898283552,892,145.9462890625,34.0336799621582,41.45877456665039,70.294677734375,0.036688841592308376,283.2701721191406
137.png,3.84805972,429520,2209008,0.2925255684165697,0.8933199879765035,810,1973351,1.5410544503889458,5.216034251678655,4.624012511547223,20.54855904241608,810,137.3827362060547,30.76076889038086,46.66106414794922,74.82564544677734,0.0307395154569825,458.8095703125
138.png,3.81212549,430016,2387033,0.3205172085284059,0.8145341937040669,768,1944320,1.5954801205709772,4.331956801108529,3.789773941019085,15.537662071096522,768,152.77252197265625,41.28181457519531,66.23777770996094,88.44585418701172,0.053024317699649666,502.09423828125
139.png,3.97403802,499989,495744,0.3271458088204725,0.7982910534469404,369,395748,1.6507501744353603,3.767641607166472,3.3080243491101418,13.624139176563952,369,147.28857421875,42.489070892333984,83.38028717041016,108.82080841064453,0.05974519629428416,1080.1922607421875
140.png,4.21344421,526243,2515625,0.3037136581895871,0.8606938633540373,860,2165183,1.5671938686377376,3.537111641849317,2.908630119723173,20.04785767825592,860,151.5244598388672,36.12966537475586,47.60770797729492,64.80757141113281,0.023700246676570794,394.7834777832031
141.png,3.4119147,494316,1433621,0.3133378648925102,0.844285902620009,650,1210386,1.6100437327154489,4.361192616118958,3.78781981382586,17.18478348364475,650,158.2433319091797,39.221134185791016,66.25576782226562,88.2121353149414,0.04226442141802527,580.876953125
142.png,3.84805972,2760958,860954,0.2989672750506986,0.8988366393558773,508,773857,1.5091907574848764,4.390179595305439,3.689872308441214,14.130991314600095,508,134.40509033203125,35.27338790893555,48.56580352783203,71.00286865234375,0.029206092705320486,386.56787109375
143.png,4.1015361,2209008,2419270,0.3101290641569911,0.8420374741140922,650,2037116,1.5593680418140063,4.489819472782326,3.892350502646262,17.764268214399113,650,147.4256134033203,38.67919921875,52.072120666503906,80.73906707763672,0.04646463980192269,501.6668701171875
144.png,4.23004294,2387033,956502,0.312149016659226,0.8491534779854093,432,812217,1.554281103620602,4.048692348358679,3.7047751884379103,14.814056744789802,432,154.15281677246094,40.08893585205078,68.04235076904297,83.7626724243164,0.03945070312108956,603.897705078125
145.png,4.17879418,495744,2729696,0.3252499907954725,0.8049720554962897,843,2197329,1.606737216244576,4.120311443378563,3.582176447848846,18.92492578564245,843,145.59371948242188,42.74755096435547,72.7887954711914,86.54650115966797,0.05813449728599659,589.668212890625
146.png,2.93757256,415285,2663545,0.3206801555131012,0.8149556324372218,771,2170671,1.5855555268881687,4.63675797636131,4.110042957736368,19.68417488472847,771,138.30564880371094,39.58803176879883,60.22080612182617,90.07794189453125,0.061693006431445936,578.8876953125
147.png,4.03511196,2515625,2376373,0.3061627746980209,0.8515325666467344,725,2023559,1.562863893423023,4.330455881494606,3.693961658240473,14.846645570243773,725,148.7163848876953,36.36193084716797,52.08575439453125,73.09989929199219,0.04003342872779116,378.72802734375
148.png,3.85519654,1433621,2628607,0.3362415089203665,0.7748849485678155,608,2036868,1.613855124060097,4.307084176618958,3.6231809713863874,18.77262918630326,608,133.54931640625,42.94075012207031,57.31670379638672,82.54993438720703,0.0794682179948084,545.8513793945312
149.png,4.21112505,860954,3194095,0.3606467104217251,0.7235373399977145,853,2311047,1.6002715913598209,3.7109324809062296,3.1237868404847213,19.37952320909817,853,130.99737548828125,46.550697326660156,51.412445068359375,74.3851547241211,0.10026060107989714,452.0238037109375
150.png,4.14414414,2419270,3119181,0.3514791523206926,0.7437231119322668,750,2319807,1.6014960285881357,3.67280182111918,3.14721970775892,25.093464000215224,750,139.83651733398438,48.10551452636719,53.8826904296875,75.84390258789062,0.08795312972533444,417.6916198730469
151.png,3.20920438,956502,442019,0.2888693993931389,0.903366144894224,374,399305,1.549797381588002,4.887980283980343,4.318958282632359,25.63059789203851,374,169.05580139160156,35.139976501464844,68.7369155883789,105.24407196044922,0.020204003130347124,964.8655395507812
152.png,3.4119147,2729696,2394416,0.3186996120499699,0.8220593246954581,565,1968352,1.5622843201580212,4.002594953857031,3.6807189954124286,16.19255992225369,565,160.9607696533203,42.93901443481445,50.538516998291016,71.41626739501953,0.05074225097629473,372.83154296875
153.png,3.9808857,2663545,2449100,0.3119394171900259,0.8384520844391817,686,2053453,1.5513156546318965,4.752806605984195,4.096634764879536,20.476155108076185,686,157.39645385742188,41.39374923706055,71.16714477539062,88.40289306640625,0.046531568202078495,575.2157592773438
154.png,3.86942062,2376373,2728268,0.3284725456192471,0.7956223508834176,848,2170671,1.6264999913498503,3.877919915423352,3.170484612289684,25.20347708436686,848,151.8224639892578,46.01012420654297,74.58567810058594,90.70025634765625,0.057362163347322304,618.7342529296875
155.png,4.28274428,2628607,450043,0.2950666295136783,0.8846088040476132,417,398112,1.582651379481382,4.7822150765848885,4.270847581883481,14.652950400818131,417,174.2694091796875,39.34526062011719,89.23326873779297,117.5053939819336,0.028142770655460336,1255.3795166015625
156.png,2.8806175,3194095,2334022,0.2987729813972689,0.8739424906877484,621,2039801,1.5448586117033287,5.015486088579722,4.314854959761425,19.282314401491902,621,150.6580352783203,34.85614013671875,43.54195022583008,74.08235931396484,0.033223033398358325,465.3483581542969
157.png,3.93262247,156031,1600487,0.2916746397182989,0.9197213098263216,470,1472002,1.493126786669999,4.87534876275749,4.216725771779212,17.144527745060962,470,154.334228515625,28.95811653137207,33.286094665527344,59.11571502685547,0.019588991110284767,216.17648315429688
158.png,4.00812151,3119181,2577134,0.3028754987872095,0.8627999164963871,576,2223551,1.5231265440534176,4.670995260960372,3.961011746528979,21.652382984325403,576,151.4656219482422,37.666812896728516,43.216758728027344,73.20259857177734,0.039267463973964176,438.8405456542969
159.png,4.36808019,442019,2602957,0.3069617431846999,0.8498838052261332,532,2212211,1.4939177973059383,4.058056539419126,3.3630121388859786,21.15681783620591,532,160.7235870361328,38.891719818115234,38.49413299560547,64.53520965576172,0.028796141899989167,369.7917175292969
160.png,4.24809425,2394416,2572994,0.3187844780217227,0.8459530026109661,522,2176632,1.548417993638003,3.932501797031752,3.266152141630561,22.07899019763075,522,157.7032470703125,42.55546188354492,43.105892181396484,58.099124908447266,0.04481546513704886,258.969970703125
161.png,3.28656887,2449100,2447881,0.3054292056670353,0.8565498077725183,526,2096732,1.5237769739621532,4.951975682407285,4.4248294808779605,23.303787812008977,526,159.8329315185547,37.76381301879883,47.295230865478516,76.00813293457031,0.038861432273804834,470.1150817871094
162.png,4.06436548,2728268,2552424,0.3184733387143725,0.8214669663034041,709,2096732,1.555504470360719,4.329614457837064,3.784795803057507,17.354373307203925,709,154.39175415039062,42.818973541259766,71.46416473388672,86.41149139404297,0.051023446235216374,546.8448486328125
163.png,4.34097781,450043,2566636,0.3225210827639616,0.8144127176584447,671,2090301,1.5598411079284529,4.540546484525915,3.86759146507194,18.769635696157632,671,140.96778869628906,41.405120849609375,64.12789916992188,84.44700622558594,0.06411228728005448,672.7011108398438
164.png,4.4520531,2334022,1911915,0.3521800397877984,0.7797851891951264,590,1490883,1.6246997123807905,3.982391792186411,3.5682585193575425,16.496355937733426,590,146.3700408935547,48.941097259521484,76.66295623779297,87.87811279296875,0.0797172814992507,447.23004150390625
165.png,4.50280062,1600487,2541054,0.3199866920602172,0.816542269467709,637,2074878,1.579304031270904,4.375940854268211,3.845864764445504,16.316603287505426,637,157.3332977294922,44.13689422607422,69.9710693359375,87.47929382324219,0.05447553191962735,579.0203857421875
166.png,3.19426121,2577134,119387,0.2979542737634424,0.8762093025203749,196,104608,1.5878789420955473,4.554357668676927,4.21775637518062,10.694128694925675,196,146.98709106445312,41.086517333984375,100.10930633544922,123.6094741821289,0.053987799068388735,2096.001953125
167.png,4.1146438,2602957,404556,0.2856832144622555,0.906101998240046,331,366569,1.5376484514157265,5.0769888630331055,4.554943241474068,17.277988831526468,331,158.19601440429688,33.70145034790039,65.63886260986328,101.8072280883789,0.02158871113736625,981.5040893554688
168.png,4.1146438,2638258,2252857,0.3099515767947239,0.8422616260153218,591,1897495,1.5584085754046233,4.311073252228384,3.675678401514244,22.74577388978738,591,157.1741943359375,40.82292938232422,56.66626739501953,76.1680908203125,0.04195929365669645,407.3072509765625
169.png,4.14392418,2572994,2784771,0.3286283882042327,0.7954941357835168,620,2215269,1.551151686239724,4.174463420708318,3.514406578106551,17.15854112892107,620,154.70835876464844,44.12254333496094,64.12970733642578,83.45230102539062,0.05519491971065053,556.85498046875
170.png,4.35204435,2447881,1388398,0.3064551231539054,0.8637991411684546,531,1199297,1.573834091216056,4.808750985363304,4.138151638283555,25.177417768305457,531,163.21922302246094,41.58163070678711,78.49810791015625,93.9005126953125,0.039224889184948146,658.7362670898438
171.png,3.1947079,2552424,901792,0.2976865542063041,0.8874507646996204,748,800296,1.5634081602672132,4.847814018244391,4.235552721182428,18.12079098812752,748,142.88601684570312,32.24222946166992,68.13014221191406,87.13703155517578,0.02967488564176836,767.0626220703125
172.png,3.98428625,2566636,1947946,0.2740669225821084,0.9502044717872056,727,1850947,1.4550613893620077,4.9597553968536126,4.420585661411424,21.708380387446617,727,145.74053955078125,23.701831817626953,38.65611267089844,61.99298095703125,0.004178359090432634,403.4695129394531
173.png,4.04889143,1911915,2444620,0.3039477322596239,0.858677831319387,1064,2099141,1.581950964155428,4.3058462273054525,3.7231448363329065,17.843990849807412,1064,150.72837829589844,36.11942672729492,65.85029602050781,79.22599792480469,0.032176399766779155,487.360107421875
174.png,4.33045945,2541054,2146292,0.2924629098880303,0.8938164052235203,929,1918391,1.5503360711978724,4.560156772816586,4.01790330240945,21.74857357827611,929,147.46466064453125,31.208711624145508,55.109737396240234,71.50582885742188,0.020320932174449517,450.69921875
175.png,4.31266733,119387,2600669,0.3206307057584269,0.8134291599584569,1062,2115460,1.6005317372411187,4.068806080111088,3.579361901970727,15.752302277104729,1062,146.3378448486328,41.0324821472168,70.74253845214844,83.5274887084961,0.04876565466494458,588.0040893554688
176.png,2.93757256,404556,901792,0.2976865542063041,0.8874507646996204,748,800296,1.5634081602672132,4.847814018244391,4.235552721182428,18.12079098812752,748,142.88601684570312,32.24222946166992,68.13014221191406,87.13703155517578,0.02967488564176836,767.0626220703125
177.png,4.07514476,2252857,1947946,0.2740669225821084,0.9502044717872056,727,1850947,1.4550613893620077,4.9597553968536126,4.420585661411424,21.708380387446617,727,145.74053955078125,23.701831817626953,38.65611267089844,61.99298095703125,0.004178359090432634,403.4695129394531
178.png,4.23004294,2784771,2444620,0.3039477322596239,0.858677831319387,1064,2099141,1.581950964155428,4.3058462273054525,3.7231448363329065,17.843990849807412,1064,150.72837829589844,36.11942672729492,65.85029602050781,79.22599792480469,0.032176399766779155,487.360107421875
179.png,4.46518225,1820229,2146292,0.2924629098880303,0.8938164052235203,929,1918391,1.5503360711978724,4.560156772816586,4.01790330240945,21.74857357827611,929,147.46466064453125,31.208711624145508,55.109737396240234,71.50582885742188,0.020320932174449517,450.69921875
180.png,4.55674514,1388398,2600669,0.3206307057584269,0.8134291599584569,1062,2115460,1.6005317372411187,4.068806080111088,3.579361901970727,15.752302277104729,1062,146.3378448486328,41.0324821472168,70.74253845214844,83.5274887084961,0.04876565466494458,588.0040893554688
181.png,2.93757256,901792,2406716,0.2919836008871428,0.8974968380149548,549,2160020,1.500776408266927,4.921265289894898,4.323143981655872,17.271718445263524,549,148.7960968017578,29.93670082092285,37.28738021850586,62.147525787353516,0.020565199385865134,414.9653625488281
182.png,4.07514476,1947946,958955,0.3316978260493592,0.8748116439248974,323,838905,1.522128678698847,4.468289432523773,3.834337352181456,16.89356712150067,323,148.37747192382812,34.78213882446289,49.05507278442383,74.3980484008789,0.03556793216177358,343.186767578125
183.png,4.23004294,2444620,2729435,0.3098453358737585,0.8425641204131991,560,2299724,1.5238408308007172,4.383602455356493,3.866205098377993,22.867130276526083,560,158.92730712890625,38.4984130859375,46.11985397338867,68.09416198730469,0.03662456563289126,353.3029479980469
184.png,4.46518225,2146292,2560425,0.3071980759154812,0.8521772752570375,569,2181936,1.5362603315486345,5.080039491124065,4.297158816950187,22.948682267838343,569,149.07008361816406,36.35356140136719,49.355865478515625,76.27783966064453,0.04065661860435633,509.0991516113281
185.png,4.55674514,2600669,1629569,0.3071222198558971,0.8868792913954548,461,1445231,1.5546182665524957,4.943210384254525,4.236589448291957,18.398048272883774,461,149.29086303710938,36.44773483276367,63.092437744140625,69.9957504272461,0.0329051469612655,373.1283874511719
186.png,2.8806175,901792,2420493,0.3017986779421622,0.8650184074070861,1074,2093771,1.583896874502322,4.838703848238344,4.2800678997205175,21.948537381296138,1074,149.95689392089844,36.984859466552734,55.3564453125,87.2671127319336,0.037439493003418124,490.2916259765625
187.png,3.80488821,1947946,2589047,0.3099878820764764,0.8636069565365171,1000,2235919,1.5822476603515296,4.248229353247738,3.660435127003622,19.69876972037816,1000,150.5862274169922,38.66436004638672,51.93254470825195,74.45734405517578,0.04003289011657849,347.7419128417969
188.png,4.25507529,2444620,2390118,0.3090418997458094,0.8456402570919093,1049,2021180,1.6167536043373016,4.137639641500178,3.62299102628281,18.289505212341883,1049,158.982666015625,41.144596099853516,68.39358520507812,85.53562927246094,0.0373303209123633,437.4449768066406
189.png,4.1632831,2146292,2678813,0.329108314662289,0.7938441391765682,1167,2126560,1.618950171191264,3.836977566291885,3.388558149424709,13.845571789024833,1167,160.06893920898438,46.72257614135742,79.20659637451172,97.98499298095703,0.05483356173193548,620.6685180664062
190.png,4.35204435,941331,2904320,0.3380748224749821,0.7723212318201851,1093,2243068,1.644844243975956,3.4388029850619826,2.941441128712061,16.85938361253354,1093,153.57176208496094,47.590457916259766,68.74134826660156,85.53458404541016,0.06097320040968534,510.66455078125
191.png,3.04836088,2600669,2192926,0.2872514349629934,0.91089530608876,1086,1997526,1.543269100483062,4.9955505031803815,4.414584620287673,19.61382851783574,1086,165.64178466796875,33.725730895996094,66.0853500366211,82.47229766845703,0.01949219136033009,443.5783996582031
192.png,3.95340116,2406716,2664829,0.3083008237308529,0.8481624899759046,1071,2260208,1.5942852544600037,4.334118238253859,3.810713910033149,17.840306915382463,1071,163.1717071533203,41.383766174316406,73.30533599853516,91.58788299560547,0.040860998431185326,460.402587890625
193.png,4.19788024,958955,2359308,0.2968892609202667,0.8818280614485264,1000,2080504,1.5534040285288346,4.635513569090788,4.051418472472269,20.13965529279905,1000,162.92361450195312,37.46754455566406,74.32102966308594,90.59709930419922,0.0296779404817493,548.7384643554688
194.png,4.27674096,2729435,2546118,0.3046367853287214,0.8609365316140101,981,2192046,1.5951705079854448,4.671359833757435,4.073423768337042,18.93902601086776,981,159.7904052734375,39.65495681762695,74.01634979248047,91.4845199584961,0.03610178399749176,554.7721557617188
195.png,4.43097639,2560425,3001649,0.337328783095267,0.7747714672834832,1225,2325592,1.6692383913422093,3.944700971441201,3.3618986005732165,25.12741540782915,1225,154.31219482421875,48.724647521972656,83.1700439453125,105.30706787109375,0.06858565537927098,821.5335693359375
196.png,3.1030982,1629569,909685,0.309110710147439,0.8620511495737535,676,784195,1.593579981703674,4.530227266931571,3.92590784231636,16.031245226847407,676,152.8410186767578,37.67354965209961,72.44274139404297,104.222900390625,0.04188689327703668,854.00537109375
197.png,4.09496033,2420493,894250,0.2979343661502582,0.8989331842325972,587,803871,1.5450483278167824,5.198532804945903,4.511322387246487,18.84157002372728,587,153.9691925048828,32.82783889770508,62.37024688720703,92.85979461669922,0.028754530966033323,597.9569702148438
198.png,4.20479148,2589047,894250,0.2979343661502582,0.8989331842325972,587,803871,1.5450483278167824,5.198532804945903,4.511322387246487,18.84157002372728,587,153.9691925048828,32.82783889770508,62.37024688720703,92.85979461669922,0.028754530966033323,597.9569702148438
199.png,4.15361967,2390118,1737594,0.3186982189264036,0.8424839174168419,696,1463895,1.6011695352450812,4.096833932555657,3.4569984639488385,17.377308414541023,696,161.60708618164062,39.0137825012207,51.01774215698242,75.69120025634766,0.0375439047160212,286.97247314453125
200.png,4.48915588,2678813,2638212,0.308993446304815,0.843760850151542,1009,2226020,1.5935639435878346,4.385181464059206,3.828999037880385,18.20132401042909,1009,153.1898651123047,39.454402923583984,68.32760620117188,85.0535659790039,0.042004902188836686,446.7544250488281
201.png,3.36238022,2689799,2593061,0.3085434296490529,0.8478628154139066,1117,2198560,1.6005441107622471,4.352492921236373,3.83475967065213,17.100113424624336,1117,157.31785583496094,40.8013916015625,76.64425659179688,90.75411987304688,0.03900575035459847,611.57861328125
202.png,3.64889618,2904320,1654559,0.3091420190205713,0.8788982441847042,777,1454189,1.5904636176130194,4.510004958495193,3.888144539805823,18.727494173301643,777,143.7953643798828,32.90330123901367,56.524879455566406,71.54373168945312,0.03046326452584724,294.10601806640625
203.png,4.0485162,2192926,415285,0.293259656803898,0.8826974246601731,458,366571,1.6010305174230692,4.800954909612248,4.361774017652133,21.24687490115458,458,142.27203369140625,35.01249694824219,84.1288070678711,105.41586303710938,0.02988567296121227,1307.1649169921875
204.png,3.93262247,2664829,156031,0.323542585089309,0.8655395402195718,288,135051,1.619149005482349,4.061802011330387,3.732982946767408,13.520433734673365,288,149.46620178222656,42.234519958496094,129.27978515625,134.78756713867188,0.042863948936365616,2713.236572265625
205.png,4.45599446,2359308,2638258,0.3573863712561579,0.7310717905527057,933,1928756,1.6566911037726688,3.731874674317481,3.259790055821359,14.58554044828439,933,159.4850311279297,54.18734359741211,81.4454116821289,103.58240509033203,0.0847744655087155,575.374755859375
206.png,2.82273634,2546118,1820229,0.3456043517885623,0.8068550715322083,669,1468661,1.6484967844690337,4.098170897747621,3.555681727509308,16.282697252337186,669,151.35340881347656,45.2524528503418,75.48607635498047,86.47175598144531,0.0581540388945539,409.9056701660156
207.png,3.67166,3001649,941331,0.307200853724602,0.8726441602369411,590,821447,1.5701082374519515,4.873631698024547,4.229980261881069,20.47832752382446,590,146.4636688232422,33.28245544433594,62.320865631103516,86.95463562011719,0.034162851736284604,628.3605346679688
208.png,4.0216472,909685,2689799,0.3035024201331245,0.8614026549939233,976,2317000,1.5374102793167472,4.558763922234864,4.012978174208724,16.86152894270655,976,142.0498809814453,34.53147506713867,46.25849533081055,75.7635498046875,0.03745017521943683,460.6484069824219
209.png,4.04517079,894250,2413558,0.3156948291253691,0.8286989581356653,1025,2000113,1.6002428929995962,4.336884638132252,3.7857577062924928,17.139661345535853,1025,148.6128387451172,39.24074935913086,69.68849182128906,84.67201232910156,0.04778490896888602,465.2442321777344
210.png,4.42134442,894250,2497461,0.2909132313713613,0.8957921665243221,894,2237206,1.524990757233146,4.968858651211158,4.337563703560882,24.6760357730851,894,135.97825622558594,29.573688507080078,44.88068771362305,71.35588836669922,0.02657077663552462,476.11444091796875
211.png,3.20920438,1737594,2719193,0.3118265858077484,0.840271727678028,714,2284861,1.5498433212449254,4.514983352105589,4.01127970290149,15.965288366451704,714,152.07054138183594,39.29617691040039,61.90639114379883,79.34771728515625,0.045192938277131174,439.5904235839844
212.png,3.71670156,2413558,2393406,0.2969515458029924,0.8805501448563261,848,2107514,1.5547305093566202,4.561039109933634,3.859956609378584,20.135129694323496,848,140.433837890625,30.891857147216797,45.089298248291016,67.17656707763672,0.025756152599210772,399.6531982421875
213.png,4.07514476,2638212,1662732,0.3097206681433081,0.8432098498134396,770,1402032,1.606455806930163,4.932416977215421,4.287370179091661,19.86245533164635,770,137.59095764160156,34.90355682373047,62.555110931396484,89.32036590576172,0.04624001996951623,613.0350341796875
214.png,4.1244364,2593061,2842805,0.3161835462945373,0.8343815351387098,897,2371984,1.5976748488772805,4.801550052744455,4.122280717983027,28.54822127546832,897,139.3436279296875,36.087650299072266,54.05876159667969,75.4271469116211,0.049594427039744655,452.0110168457031
215.png,4.35204435,1654559,2929598,0.3431212435951672,0.7598383805559671,879,2226021,1.6312032250190671,4.302649382388102,3.622524492712116,18.2226911429367,879,147.9981689453125,47.40158462524414,67.2614974975586,93.4708251953125,0.07988086305784395,583.2389526367188
216.png,2.99318222,415285,1169020,0.3748700884120307,0.8131049939265368,586,950536,1.6829390438523808,3.698949461788382,3.14646761735474,27.467247211935987,586,151.15025329589844,53.57524490356445,105.90332794189453,117.81742095947266,0.0901417130415247,1200.951904296875
217.png,3.70636046,156031,1977419,0.2860997844072052,0.9144526273895416,727,1808256,1.5110890342391006,5.493860198778687,4.7252186266816585,20.357950021521088,727,158.57620239257812,30.128475189208984,45.91423416137695,74.56490325927734,0.018898440720902052,468.4200744628906
218.png,4.07935663,2638258,2494289,0.3079515127630742,0.8719771445890994,751,2174963,1.556190639911074,4.578734994197025,4.001267672737314,17.02208009078772,751,161.75247192382812,39.120819091796875,63.04509735107422,77.62361907958984,0.03758098100586738,295.91064453125
219.png,4.4520531,1820229,2112361,0.2904064431716587,0.9008308712383916,658,1902880,1.5030176925256675,4.48226365057206,3.8316096640082655,22.476769212682388,658,167.32861328125,32.57612991333008,43.44525146484375,65.51220703125,0.018944527683651374,352.77423095703125
220.png,4.32391367,941331,2205840,0.3010214866600008,0.8685217422841185,776,1915820,1.5496186107286172,4.278402879622025,3.723613194253385,18.03417585076116,776,161.0743865966797,37.548824310302734,53.482112884521484,75.30514526367188,0.031181806085336643,440.789794921875
221.png,3.20920438,2689799,429520,0.3007790479858546,0.864357887874837,467,371259,1.6013855270866804,4.3489021842281135,3.786466243476635,14.284050490140356,467,161.85031127929688,38.31836700439453,81.21377563476562,111.98304748535156,0.029495566202263693,1101.6944580078125
222.png,4.03511196,2413558,430016,0.2986222222222222,0.8657166244976932,451,372272,1.6046591069373444,4.361319185434061,3.9193087236724025,16.46880668955712,451,176.2105255126953,40.727073669433594,91.80791473388672,120.27201080322266,0.03028469297522519,1151.343505859375
223.png,4.0216472,2729435,499989,0.3194815849957923,0.8152179347945655,408,407600,1.62365035918434,3.738718410734652,3.1975776214287204,17.27085490074071,408,168.36607360839844,45.48093795776367,80.6845932006836,113.00836944580078,0.041934781368772,987.2081909179688
224.png,4.1146438,2497461,526243,0.3384179770020624,0.7700225941247675,431,405219,1.651531690835706,3.556224571501878,3.0313676638417246,12.121028821380476,431,161.61102294921875,49.83448028564453,101.85001373291016,127.5105209350586,0.06452882258970195,1421.770751953125
225.png,4.17879418,2497461,494316,0.3194213252551152,0.812308320993049,453,401537,1.6406406848351274,4.110682859816394,3.567828270796865,17.5568361967921,453,148.50460815429688,43.97212600708008,103.45849609375,119.99991607666016,0.05556132969882554,1681.8193359375
226.png,2.99362357,2719193,2760958,0.3066723181425482,0.8792017118695757,892,2427439,1.5523579208910436,4.694572342297676,4.158476411404639,16.236128982835506,892,145.9462890625,34.033660888671875,41.458744049072266,70.29466247558594,0.036688841592308376,283.2701416015625
227.png,3.84805972,2393406,2209008,0.2925255684165697,0.8933199879765035,810,1973351,1.5581799507022331,5.216034251678655,4.624012511547224,20.54855904241608,810,137.38272094726562,30.760778427124023,46.661041259765625,74.8256607055664,0.0307395154569825,458.81005859375
228.png,3.81212549,1662732,2387033,0.3205172085284059,0.8145341937040669,768,1944320,1.604310341759084,4.331956801108529,3.789773941019091,15.537662071096522,768,152.77255249023438,41.28179931640625,66.23783874511719,88.44586181640625,0.053024317699649666,502.09393310546875
229.png,3.97403802,2842805,495744,0.3271458088204725,0.7982910534469404,369,395748,1.6352522259428044,3.767641607166472,3.30802434911014,13.624139176563952,369,147.28855895996094,42.48907470703125,83.38028717041016,108.82080841064453,0.05974519629428416,1080.19189453125
230.png,4.21344421,2929598,2515625,0.3037136581895871,0.8606938633540373,860,2165183,1.5234433648167789,3.537111641849317,2.9086301197231745,20.047857678256133,860,151.52447509765625,36.129661560058594,47.60770797729492,64.80757904052734,0.023700246676570794,394.78326416015625
231.png,3.4119147,1169020,1433621,0.3133378648925102,0.844285902620009,650,1210386,1.6104921497139153,4.361192616118958,3.787819813825864,17.184783483644807,650,158.24331665039062,39.22112274169922,66.25572967529297,88.2121353149414,0.04226442141802527,580.8773193359375
232.png,3.84805972,1977419,860954,0.2989672750506986,0.8988366393558773,508,773857,1.545279362836823,4.390179595305439,3.689872308441215,14.13099131460066,508,134.40513610839844,35.27338790893555,48.56577682495117,71.00288391113281,0.029206092705320486,386.5679626464844
233.png,4.1015361,2494289,2419270,0.3101290641569911,0.8420374741140922,650,2037116,1.5752646209238448,4.489819472782326,3.8923505026462624,17.764268214399447,650,147.42539978027344,38.67919158935547,52.072147369384766,80.73908233642578,0.04646463980192269,501.6670227050781
234.png,4.23004294,2112361,956502,0.312149016659226,0.8491534779854093,432,812217,1.5351657419898792,4.048692348358679,3.7047751884379103,14.814056744789802,432,154.15280151367188,40.08892822265625,68.04231262207031,83.7626953125,0.03945070312108956,603.897705078125
235.png,4.17879418,2719193,2729696,0.3252499907954725,0.8049720554962897,843,2197329,1.5838731364015886,4.120311443378564,3.5821764478488487,18.924925785642145,843,145.59368896484375,42.747581481933594,72.78876495361328,86.54650115966797,0.05813449728599659,589.66845703125
236.png,2.93757256,2205840,2663545,0.3206801555131012,0.8149556324372218,771,2170671,1.6071660226310174,4.636757976361311,4.110042957736368,19.68417488472848,771,138.30577087402344,39.58802032470703,60.220848083496094,90.07794952392578,0.061693006431445936,578.88818359375
237.png,4.03511196,429520,2376373,0.3061627746980209,0.8515325666467344,725,2023559,1.553626635930233,4.330455881494604,3.6939616582404766,14.84664557024331,725,148.71630859375,36.3619384765625,52.08576583862305,73.09992218017578,0.04003342872779116,378.7281494140625
238.png,3.85519654,430016,2628607,0.3362415089203665,0.7748849485678155,608,2036868,1.5795414363811362,4.307084176618957,3.6231809713863865,18.772629186303345,608,133.54928588867188,42.940757751464844,57.31674575805664,82.54993438720703,0.0794682179948084,545.8511962890625
239.png,4.21112505,499989,3194095,0.3606467104217251,0.7235373399977145,853,2311047,1.6419898808207312,3.710932480906229,3.1237868404847213,19.379523209098167,853,130.99725341796875,46.55067825317383,51.41243362426758,74.38516235351562,0.10026060107989714,452.0242004394531
240.png,4.14414414,526243,3119181,0.3514791523206926,0.7437231119322668,750,2319807,1.6021434004582509,3.67280182111918,3.147219707758917,25.09346400021521,750,139.83636474609375,48.10552215576172,53.88274383544922,75.84391021728516,0.08795312972533444,417.6920166015625
241.png,3.20920438,494316,442019,0.2888693993931389,0.903366144894224,374,399305,1.5213323055844106,4.887980283980344,4.318958282632355,25.6305978920385,374,169.05575561523438,35.139984130859375,68.73688507080078,105.24407196044922,0.020204003130347124,964.8654174804688
242.png,3.4119147,2760958,2394416,0.3186996120499699,0.8220593246954581,565,1968352,1.5411114264159007,4.00259495385703,3.680718995412431,16.19255992225371,565,160.96084594726562,42.93902587890625,50.53849792480469,71.41625213623047,0.05074225097629473,372.83154296875
243.png,3.9808857,2209008,2449100,0.3119394171900259,0.8384520844391817,686,2053453,1.5793482594045227,4.752806605984195,4.096634764879537,20.47615510807621,686,157.3962860107422,41.39376449584961,71.16718292236328,88.4028549194336,0.046531568202078495,575.2155151367188
244.png,3.86942062,2387033,2728268,0.3284725456192471,0.7956223508834176,848,2170671,1.594896052794969,3.877919915423354,3.1704846122896835,25.20347708436936,848,151.8224334716797,46.01011276245117,74.58564758300781,90.70024108886719,0.057362163347322304,618.734619140625
245.png,4.28274428,495744,450043,0.2950666295136783,0.8846088040476132,417,398112,1.5718926795021082,4.782215076584889,4.270847581883469,14.65295040081809,417,174.26937866210938,39.34526062011719,89.23326110839844,117.50540161132812,0.028142770655460336,1255.3797607421875
246.png,2.8806175,2393406,2334022,0.2987729813972689,0.8739424906877484,621,2039801,1.5305017741305005,5.015486088579724,4.314854959761431,19.28231440149137,621,150.65806579589844,34.85614776611328,43.54193878173828,74.08235168457031,0.033223033398358325,465.3483581542969
247.png,3.93262247,2515625,1600487,0.2916746397182989,0.9197213098263216,470,1472002,1.491531269164831,4.87534876275749,4.21672577177921,17.14452774506121,470,154.33424377441406,28.95810890197754,33.28609085083008,59.115692138671875,0.019588991110284767,216.1764678955078
248.png,4.00812151,1433621,2577134,0.3028754987872095,0.8627999164963871,576,2223551,1.5306908283308116,4.670995260960373,3.96101174652898,21.65238298432569,576,151.46543884277344,37.66682434082031,43.21674728393555,73.20260620117188,0.039267463973964176,438.8406982421875
249.png,4.36808019,860954,2602957,0.3069617431846999,0.8498838052261332,532,2212211,1.5120992012826786,4.058056539419127,3.363012138885976,21.156817836206216,532,160.7235870361328,38.89169692993164,38.49410629272461,64.53520965576172,0.028796141899989167,369.791748046875
250.png,4.24809425,2419270,2572994,0.3187844780217227,0.8459530026109661,522,2176632,1.534842969243445,3.932501797031752,3.266152141630557,22.07899019763075,522,157.70318603515625,42.55549240112305,43.10590744018555,58.09912109375,0.04481546513704886,258.969970703125
251.png,3.28656887,956502,2447881,0.3054292056670353,0.8565498077725183,526,2096732,1.5286522793313493,4.951975682407284,4.4248294808779605,23.303787812008995,526,159.83290100097656,37.76380157470703,47.29518127441406,76.0081558227539,0.038861432273804834,470.1152648925781
252.png,4.06436548,2729696,2552424,0.3184733387143725,0.8214669663034041,709,2096732,1.5810855302510645,4.329614457837063,3.784795803057507,17.35437330720387,709,154.39183044433594,42.81898498535156,71.46407318115234,86.41151428222656,0.051023446235216374,546.844482421875
253.png,4.34097781,2663545,2566636,0.3225210827639616,0.8144127176584447,671,2090301,1.5830701621592576,4.5405464845259145,3.867591465071931,18.76963569615703,671,140.96786499023438,41.40512466430664,64.12789154052734,84.44698333740234,0.06411228728005448,672.7014770507812
254.png,4.4520531,2376373,1911915,0.3521800397877984,0.7797851891951264,590,1490883,1.6322409805090274,3.9823917921864096,3.568258519357544,16.496355937733185,590,146.37005615234375,48.94108581542969,76.66297149658203,87.87813568115234,0.0797172814992507,447.22979736328125
255.png,4.50280062,2628607,2541054,0.3199866920602172,0.816542269467709,637,2074878,1.5695707026801904,4.3759408542682126,3.845864764445504,16.316603287505576,637,157.33326721191406,44.13691329956055,69.97118377685547,87.47931671142578,0.05447553191962735,579.0208740234375
256.png,3.19426121,3194095,119387,0.2979542737634424,0.8762093025203749,196,104608,1.5941243279397097,4.554357668676927,4.217756375180621,10.69412869492568,196,146.9871063232422,41.08652114868164,100.10929107666016,123.60946655273438,0.053987799068388735,2096.00244140625
257.png,4.1146438,1662732,404556,0.2856832144622555,0.906101998240046,331,366569,1.541150701438159,5.076988863033105,4.554943241474068,17.27798883152631,331,158.19602966308594,33.70144271850586,65.63884735107422,101.8072280883789,0.02158871113736625,981.5042114257812
258.png,4.1146438,3119181,2252857,0.3099515767947239,0.8422616260153218,591,1897495,1.5571357646338102,4.311073252228385,3.6756784015142414,22.74577388978738,591,157.17422485351562,40.82290267944336,56.666229248046875,76.1681137084961,0.04195929365669645,407.3073425292969
259.png,4.14392418,442019,2784771,0.3286283882042327,0.7954941357835168,620,2215269,1.5759478832929463,4.174463420708319,3.514406578106553,17.15854112892069,620,154.70838928222656,44.1225471496582,64.12969207763672,83.4522933959961,0.05519491971065053,556.8548583984375
260.png,4.35204435,2394416,1388398,0.3064551231539054,0.8637991411684546,531,1199297,1.5727392262801396,4.808750985363304,4.138151638283554,25.17741776830535,531,163.21926879882812,41.581626892089844,78.49817657470703,93.90054321289062,0.039224889184948146,658.736572265625
261.png,3.1947079,2449100,901792,0.2976865542063041,0.8874507646996204,748,800296,1.5614791065868232,4.847814018244391,4.235552721182429,18.120790988127943,748,142.88604736328125,32.24223327636719,68.1301498413086,87.13703918457031,0.02967488564176836,767.0629272460938
262.png,3.98428625,2728268,1947946,0.2740669225821084,0.9502044717872056,727,1850947,1.4425635660882716,4.959755396853616,4.420585661411423,21.70838038744853,727,145.7406463623047,23.70183563232422,38.6561164855957,61.992984771728516,0.004178359090432634,403.46966552734375
263.png,4.04889143,450043,2444620,0.3039477322596239,0.858677831319387,1064,2099141,1.5788740716584309,4.305846227305454,3.7231448363329074,17.84399084980705,1064,150.72850036621094,36.11942672729492,65.85032653808594,79.22603607177734,0.032176399766779155,487.35980224609375
264.png,4.33045945,2334022,2146292,0.2924629098880303,0.8938164052235203,929,1918391,1.5449097130175025,4.560156772816584,4.017903302409451,21.74857357827557,929,147.46461486816406,31.208702087402344,55.10971450805664,71.50582122802734,0.020320932174449517,450.6992492675781
265.png,4.31266733,1600487,2600669,0.3206307057584269,0.8134291599584569,1062,2115460,1.627846605649798,4.068806080111088,3.5793619019707257,15.752302277104732,1062,146.3377685546875,41.03247833251953,70.74259185791016,83.52748107910156,0.04876565466494458,588.0037231445312
266.png,2.93757256,2577134,901792,0.2976865542063041,0.8874507646996204,748,800296,1.5614791065868232,4.847814018244391,4.235552721182429,18.120790988127943,748,142.88604736328125,32.24223327636719,68.1301498413086,87.13703918457031,0.02967488564176836,767.0629272460938
267.png,4.07514476,2602957,1947946,0.2740669225821084,0.9502044717872056,727,1850947,1.4425635660882716,4.959755396853616,4.420585661411423,21.70838038744853,727,145.7406463623047,23.70183563232422,38.6561164855957,61.992984771728516,0.004178359090432634,403.46966552734375
268.png,4.23004294,2842805,2444620,0.3039477322596239,0.858677831319387,1064,2099141,1.5788740716584309,4.305846227305454,3.7231448363329074,17.84399084980705,1064,150.72850036621094,36.11942672729492,65.85032653808594,79.22603607177734,0.032176399766779155,487.35980224609375
269.png,4.46518225,2572994,2146292,0.2924629098880303,0.8938164052235203,929,1918391,1.5449097130175025,4.560156772816584,4.017903302409451,21.74857357827557,929,147.46461486816406,31.208702087402344,55.10971450805664,71.50582122802734,0.020320932174449517,450.6992492675781
270.png,4.55674514,2447881,2600669,0.3206307057584269,0.8134291599584569,1062,2115460,1.627846605649798,4.068806080111088,3.5793619019707257,15.752302277104732,1062,146.3377685546875,41.03247833251953,70.74259185791016,83.52748107910156,0.04876565466494458,588.0037231445312
271.png,2.93757256,2552424,2406716,0.2919836008871428,0.8974968380149548,549,2160020,1.500776408266927,4.921265289894897,4.323143981655872,17.271718445263573,549,148.79617309570312,29.93671226501465,37.28733444213867,62.14751434326172,0.020565199385865134,414.96563720703125
272.png,4.07514476,2566636,958955,0.3316978260493592,0.8748116439248974,323,838905,1.522128678698847,4.468289432523771,3.834337352181456,16.893567121500144,323,148.3774871826172,34.78213882446289,49.055057525634766,74.39803314208984,0.03556793216177358,343.18695068359375
273.png,4.23004294,1911915,2729435,0.3098453358737585,0.8425641204131991,560,2299724,1.5238408308007172,4.383602455356493,3.866205098377993,22.8671302765261,560,158.9272918701172,38.49842834472656,46.11985778808594,68.09417724609375,0.03662456563289126,353.3031005859375
274.png,4.46518225,2541054,2560425,0.3071980759154812,0.8521772752570375,569,2181936,1.5362603315486345,5.080039491124066,4.29715881695019,22.948682267839096,569,149.0699920654297,36.35356140136719,49.35588073730469,76.27789306640625,0.04065661860435633,509.09918212890625
275.png,4.55674514,119387,1629569,0.3071222198558971,0.8868792913954548,461,1445231,1.5546182665524957,4.943210384254527,4.236589448291955,18.39804827288377,461,149.29075622558594,36.447750091552734,63.09247589111328,69.9957504272461,0.0329051469612655,373.128662109375
276.png,2.8806175,404556,2420493,0.3017986779421622,0.8650184074070861,1074,2093771,1.583896874502322,4.838703848238343,4.280067899720516,21.94853738129614,1074,149.9569549560547,36.98484802246094,55.356407165527344,87.26712799072266,0.037439493003418124,490.2920837402344
277.png,3.80488821,2252857,2589047,0.3099878820764764,0.8636069565365171,1000,2235919,1.5822476603515296,4.248229353247738,3.6604351270036233,19.69876972037829,1000,150.58621215820312,38.66436767578125,51.93260192871094,74.45734405517578,0.04003289011657849,347.74188232421875
278.png,4.25507529,2784771,2390118,0.3090418997458094,0.8456402570919093,1049,2021180,1.6167536043373016,4.137639641500177,3.6229910262828144,18.289505212341364,1049,158.98287963867188,41.14458465576172,68.3935317993164,85.53559875488281,0.0373303209123633,437.445068359375
279.png,4.1632831,2929598,2678813,0.329108314662289,0.7938441391765682,1167,2126560,1.618950171191264,3.8369775662918855,3.388558149424709,13.845571789025136,1167,160.06895446777344,46.72260284423828,79.20664978027344,97.9850082397461,0.05483356173193548,620.6685791015625
280.png,4.35204435,1388398,2904320,0.3380748224749821,0.7723212318201851,1093,2243068,1.644844243975956,3.4388029850619817,2.9414411287120616,16.859383612533755,1093,153.5718231201172,47.59043884277344,68.74134826660156,85.53458404541016,0.06097320040968534,510.66455078125
281.png,3.04836088,901792,2192926,0.2872514349629934,0.91089530608876,1086,1997526,1.543269100483062,4.995550503180382,4.414584620287676,19.613828517835653,1086,165.64166259765625,33.7257194519043,66.08535766601562,82.47227478027344,0.01949219136033009,443.57879638671875
282.png,3.95340116,1947946,2664829,0.3083008237308529,0.8481624899759046,1071,2260208,1.5942852544600037,4.334118238253859,3.8107139100331495,17.840306915382456,1071,163.17169189453125,41.383766174316406,73.3053207397461,91.5879135131836,0.040860998431185326,460.40283203125
283.png,4.19788024,2444620,2359308,0.2968892609202667,0.8818280614485264,1000,2080504,1.5534040285288346,4.635513569090786,4.051418472472269,20.139655292798388,1000,162.92373657226562,37.467552185058594,74.32097625732422,90.59712982177734,0.0296779404817493,548.73828125
284.png,4.27674096,2146292,2546118,0.3046367853287214,0.8609365316140101,981,2192046,1.5951705079854448,4.6713598337574345,4.073423768337042,18.939026010868325,981,159.7904052734375,39.654964447021484,74.01641845703125,91.4845199584961,0.03610178399749176,554.77197265625
285.png,4.43097639,2600669,3001649,0.337328783095267,0.7747714672834832,1225,2325592,1.6692383913422093,3.944700971441201,3.3618986005732165,25.127415407829115,1225,154.3120880126953,48.72465896606445,83.17007446289062,105.30709838867188,0.06858565537927098,821.5332641601562
286.png,3.1030982,901792,909685,0.309110710147439,0.8620511495737535,676,784195,1.593579981703674,4.530227266931571,3.92590784231636,16.031245226847407,676,152.84107971191406,37.67355728149414,72.4427261352539,104.222900390625,0.04188689327703668,854.005615234375
287.png,4.09496033,1947946,894250,0.2979343661502582,0.8989331842325972,587,803871,1.5450483278167824,5.198532804945901,4.5113223872464925,18.841570023726547,587,153.96922302246094,32.827842712402344,62.3702392578125,92.85981750488281,0.028754530966033323,597.95703125
288.png,4.20479148,2444620,894250,0.2979343661502582,0.8989331842325972,587,803871,1.5450483278167824,5.198532804945901,4.5113223872464925,18.841570023726547,587,153.96922302246094,32.827842712402344,62.3702392578125,92.85981750488281,0.028754530966033323,597.95703125
289.png,4.15361967,2146292,1737594,0.3186982189264036,0.8424839174168419,696,1463895,1.6011695352450812,4.096833932555658,3.456998463948838,17.37730841454102,696,161.6070556640625,39.013797760009766,51.017738342285156,75.69121551513672,0.0375439047160212,286.9725341796875
290.png,4.48915588,1169020,2638212,0.308993446304815,0.843760850151542,1009,2226020,1.5935639435878346,4.385181464059207,3.828999037880387,18.201324010429115,1009,153.18983459472656,39.45441436767578,68.32766723632812,85.0535659790039,0.042004902188836686,446.7544860839844
291.png,3.36238022,2600669,2593061,0.3085434296490529,0.8478628154139066,1117,2198560,1.6005441107622471,4.352492921236374,3.8347596706521294,17.100113424624233,1117,157.31788635253906,40.80139923095703,76.64427947998047,90.75411987304688,0.03900575035459847,611.578369140625
292.png,3.64889618,1977419,1654559,0.3091420190205713,0.8788982441847042,777,1454189,1.5904636176130194,4.510004958495195,3.8881445398058223,18.727494173301874,777,143.79525756835938,32.90329360961914,56.52488708496094,71.54373168945312,0.03046326452584724,294.1062316894531
293.png,4.0485162,2494289,415285,0.293259656803898,0.8826974246601731,458,366571,1.6010305174230692,4.80095490961225,4.361774017652131,21.246874901154552,458,142.27200317382812,35.01249313354492,84.12876892089844,105.41585540771484,0.02988567296121227,1307.1651611328125
294.png,3.93262247,2112361,156031,0.323542585089309,0.8655395402195718,288,135051,1.619149005482349,4.061802011330389,3.7329829467674047,13.520433734673423,288,149.46620178222656,42.23452377319336,129.27975463867188,134.78756713867188,0.042863948936365616,2713.236083984375
295.png,4.45599446,2560425,2638258,0.3573863712561579,0.7310717905527057,933,1928756,1.6566911037726688,3.73187467431748,3.259790055821358,14.58554044828434,933,159.48487854003906,54.18735885620117,81.4454345703125,103.58240509033203,0.0847744655087155,575.37548828125
296.png,2.82273634,2205840,1820229,0.3456043517885623,0.8068550715322083,669,1468661,1.6484967844690337,4.098170897747621,3.555681727509311,16.282697252337044,669,151.35348510742188,45.25245666503906,75.48607635498047,86.47174835205078,0.0581540388945539,409.9060363769531
297.png,3.67166,429520,941331,0.307200853724602,0.8726441602369411,590,821447,1.5701082374519515,4.873631698024552,4.22998026188107,20.478327523826003,590,146.46365356445312,33.282447814941406,62.32083511352539,86.95462036132812,0.034162851736284604,628.3603515625
298.png,4.0216472,430016,2689799,0.3035024201331245,0.8614026549939233,976,2317000,1.5374102793167472,4.558763922234865,4.012978174208726,16.86152894270655,976,142.04978942871094,34.531463623046875,46.258514404296875,75.76354217529297,0.03745017521943683,460.6485290527344
299.png,4.04517079,499989,2413558,0.3156948291253691,0.8286989581356653,1025,2000113,1.6002428929995962,4.336884638132252,3.7857577062924928,17.139661345535977,1025,148.6128387451172,39.24074172973633,69.68848419189453,84.67200469970703,0.04778490896888602,465.2445983886719
300.png,4.42134442,526243,2497461,0.2909132313713613,0.8957921665243221,894,2237206,1.524990757233146,4.968858651211157,4.337563703560882,24.67603577308481,894,135.9781494140625,29.57367515563965,44.88066482543945,71.35587310791016,0.02657077663552462,476.1143493652344
301.png,3.20920438,494316,2719193,0.3118265858077484,0.840271727678028,714,2284861,1.5498433212449254,4.514983352105589,4.01127970290149,15.96528836645205,714,152.07061767578125,39.296173095703125,61.90634536743164,79.3476791381836,0.045192938277131174,439.59033203125
302.png,3.71670156,2760958,2393406,0.2969515458029924,0.8805501448563261,848,2107514,1.5547305093566202,4.561039109933636,3.8599566093785818,20.13512969432349,848,140.4337158203125,30.89185333251953,45.089332580566406,67.1765365600586,0.025756152599210772,399.6531677246094
303.png,4.07514476,2209008,1662732,0.3097206681433081,0.8432098498134396,770,1402032,1.606455806930163,4.932416977215422,4.287370179091665,19.8624553316465,770,137.59104919433594,34.903560638427734,62.55508804321289,89.32032775878906,0.04624001996951623,613.0350952148438
304.png,4.1244364,2387033,2842805,0.3161835462945373,0.8343815351387098,897,2371984,1.5976748488772805,4.8015500527444575,4.122280717983027,28.548221275468325,897,139.34365844726562,36.087650299072266,54.058738708496094,75.42710876464844,0.049594427039744655,452.0115051269531
305.png,4.35204435,495744,2929598,0.3431212435951672,0.7598383805559671,879,2226021,1.6312032250190671,4.302649382388103,3.622524492712112,18.22269114293704,879,147.9980926513672,47.40157699584961,67.26150512695312,93.47079467773438,0.07988086305784395,583.2388916015625
306.png,2.99318222,1629569,1169020,0.3748700884120307,0.8131049939265368,586,950536,1.6829390438523808,3.698949461788382,3.146467617354745,27.467247211935984,586,151.1502227783203,53.575252532958984,105.9033203125,117.81746673583984,0.0901417130415247,1200.950927734375
307.png,3.70636046,2515625,1977419,0.2860997844072052,0.9144526273895416,727,1808256,1.5110890342391006,5.493860198778686,4.72521862668166,20.357950021521088,727,158.57623291015625,30.12846565246582,45.914215087890625,74.56490325927734,0.018898440720902052,468.41998291015625
308.png,4.07935663,1433621,2494289,0.3079515127630742,0.8719771445890994,751,2174963,1.556190639911074,4.578734994197023,4.001267672737314,17.022080090787725,751,161.7524871826172,39.12080764770508,63.0450553894043,77.62360382080078,0.03758098100586738,295.9110412597656
309.png,4.4520531,860954,2112361,0.2904064431716587,0.9008308712383916,658,1902880,1.5030176925256675,4.482263650572063,3.831609664008269,22.476769212682388,658,167.3286895751953,32.57612609863281,43.44528579711914,65.51222229003906,0.018944527683651374,352.77435302734375
310.png,4.32391367,2419270,2205840,0.3010214866600008,0.8685217422841185,776,1915820,1.5496186107286172,4.278402879622025,3.723613194253388,18.034175850760985,776,161.0745391845703,37.54881286621094,53.48210144042969,75.30512237548828,0.031181806085336643,440.7895202636719
311.png,3.20920438,956502,429520,0.3007790479858546,0.864357887874837,467,371259,1.6013855270866804,4.348902184228113,3.786466243476637,14.284050490140356,467,161.85028076171875,38.31836700439453,81.21379852294922,111.9830551147461,0.029495566202263693,1101.6944580078125
312.png,4.03511196,2729696,430016,0.2986222222222222,0.8657166244976932,451,372272,1.6046591069373444,4.361319185434061,3.9193087236723976,16.468806689557123,451,176.21054077148438,40.72706985473633,91.80792236328125,120.27201843261719,0.03028469297522519,1151.3436279296875
313.png,4.0216472,2663545,499989,0.3194815849957923,0.8152179347945655,408,407600,1.62365035918434,3.738718410734652,3.197577621428718,17.270854900740762,408,168.36611938476562,45.48093795776367,80.6845932006836,113.00836181640625,0.041934781368772,987.2079467773438
314.png,4.1146438,2376373,526243,0.3384179770020624,0.7700225941247675,431,405219,1.651531690835706,3.556224571501879,3.031367663841724,12.121028821380683,431,161.61099243164062,49.83447265625,101.85002899169922,127.51053619384766,0.06452882258970195,1421.770751953125
315.png,4.17879418,2628607,494316,0.3194213252551152,0.812308320993049,453,401537,1.6406406848351274,4.110682859816394,3.567828270796865,17.556836196792066,453,148.504638671875,43.97212600708008,103.4585189819336,119.99991607666016,0.05556132969882554,1681.819580078125
316.png,2.99362357,3194095,2760958,0.3066723181425482,0.8792017118695757,892,2427439,1.5523579208910436,4.694572342297676,4.15847641140464,16.23612898283552,892,145.94619750976562,34.033660888671875,41.4587516784668,70.29464721679688,0.036688841592308376,283.27008056640625
317.png,3.84805972,2420493,2209008,0.2925255684165697,0.8933199879765035,810,1973351,1.5581799507022331,5.216034251678656,4.624012511547223,20.5485590424162,810,137.38278198242188,30.760774612426758,46.66103744506836,74.82567596435547,0.0307395154569825,458.80950927734375
318.png,3.81212549,3119181,2387033,0.3205172085284059,0.8145341937040669,768,1944320,1.604310341759084,4.33195680110853,3.7897739410190896,15.537662071096522,768,152.7725067138672,41.28181076049805,66.23782348632812,88.44586181640625,0.053024317699649666,502.0939636230469
319.png,3.97403802,442019,495744,0.3271458088204725,0.7982910534469404,369,395748,1.6352522259428044,3.767641607166471,3.3080243491101435,13.624139176563952,369,147.28857421875,42.48906707763672,83.38031768798828,108.8208236694336,0.05974519629428416,1080.192138671875
320.png,4.21344421,2394416,2515625,0.3037136581895871,0.8606938633540373,860,2165183,1.5234433648167789,3.5371116418493185,2.9086301197231754,20.047857678256964,860,151.52444458007812,36.12966537475586,47.607723236083984,64.80756378173828,0.023700246676570794,394.78326416015625
321.png,3.4119147,2449100,1433621,0.3133378648925102,0.844285902620009,650,1210386,1.6104921497139153,4.361192616118959,3.78781981382586,17.184783483644786,650,158.2433624267578,39.22113800048828,66.25572967529297,88.21212768554688,0.04226442141802527,580.8772583007812
322.png,3.84805972,2728268,860954,0.2989672750506986,0.8988366393558773,508,773857,1.545279362836823,4.390179595305437,3.689872308441213,14.130991314600378,508,134.4050750732422,35.273380279541016,48.56578826904297,71.00286865234375,0.029206092705320486,386.5679626464844
323.png,4.1015361,450043,2419270,0.3101290641569911,0.8420374741140922,650,2037116,1.5752646209238448,4.489819472782323,3.892350502646259,17.764268214398115,650,147.42552185058594,38.67919158935547,52.07212448120117,80.73906707763672,0.04646463980192269,501.66656494140625
324.png,4.23004294,2334022,956502,0.312149016659226,0.8491534779854093,432,812217,1.5351657419898792,4.048692348358679,3.7047751884379103,14.81405674478967,432,154.15274047851562,40.08893585205078,68.04232025146484,83.76268768310547,0.03945070312108956,603.897705078125
325.png,4.17879418,1600487,2729696,0.3252499907954725,0.8049720554962897,843,2197329,1.5838731364015886,4.120311443378564,3.582176447848848,18.924925785642216,843,145.59356689453125,42.74756622314453,72.78880310058594,86.54647827148438,0.05813449728599659,589.668212890625
326.png,2.93757256,2577134,2663545,0.3206801555131012,0.8149556324372218,771,2170671,1.6071660226310174,4.63675797636131,4.110042957736367,19.68417488472844,771,138.3057403564453,39.588016510009766,60.220760345458984,90.07793426513672,0.061693006431445936,578.8881225585938
327.png,4.03511196,2602957,2376373,0.3061627746980209,0.8515325666467344,725,2023559,1.553626635930233,4.330455881494605,3.6939616582404766,14.846645570243243,725,148.71641540527344,36.36192321777344,52.085784912109375,73.09989929199219,0.04003342872779116,378.7278747558594
328.png,3.85519654,2589047,2628607,0.3362415089203665,0.7748849485678155,608,2036868,1.5795414363811362,4.307084176618957,3.623180971386386,18.77262918630301,608,133.5492706298828,42.94076919555664,57.31672286987305,82.54991149902344,0.0794682179948084,545.8511962890625
329.png,4.21112505,2572994,3194095,0.3606467104217251,0.7235373399977145,853,2311047,1.6419898808207312,3.710932480906229,3.1237868404847213,19.379523209098167,853,130.9972381591797,46.55068588256836,51.41242599487305,74.38516998291016,0.10026060107989714,452.0237731933594
330.png,4.14414414,2447881,3119181,0.3514791523206926,0.7437231119322668,750,2319807,1.6021434004582509,3.672801821119181,3.147219707758921,25.09346400021525,750,139.83639526367188,48.10551452636719,53.882728576660156,75.84390258789062,0.08795312972533444,417.6920166015625
331.png,3.20920438,2552424,442019,0.2888693993931389,0.903366144894224,374,399305,1.5213323055844106,4.887980283980343,4.318958282632355,25.63059789203848,374,169.05581665039062,35.139984130859375,68.73689270019531,105.24406433105469,0.020204003130347124,964.8652954101562
332.png,3.4119147,2566636,2394416,0.3186996120499699,0.8220593246954581,565,1968352,1.5411114264159007,4.002594953857031,3.680718995412431,16.19255992225373,565,160.96075439453125,42.939022064208984,50.538509368896484,71.416259765625,0.05074225097629473,372.8314208984375
333.png,3.9808857,1911915,2449100,0.3119394171900259,0.8384520844391817,686,2053453,1.5793482594045227,4.752806605984194,4.096634764879537,20.47615510807621,686,157.39634704589844,41.39375686645508,71.16719055175781,88.40287017822266,0.046531568202078495,575.2153930664062
334.png,3.86942062,2541054,2728268,0.3284725456192471,0.7956223508834176,848,2170671,1.594896052794969,3.877919915423354,3.170484612289683,25.20347708436936,848,151.82252502441406,46.01009750366211,74.58563232421875,90.70025634765625,0.057362163347322304,618.7340698242188
335.png,4.28274428,119387,450043,0.2950666295136783,0.8846088040476132,417,398112,1.5718926795021082,4.782215076584889,4.270847581883479,14.652950400818046,417,174.26943969726562,39.34526062011719,89.23322296142578,117.50540161132812,0.028142770655460336,1255.3792724609375
336.png,2.8806175,404556,2334022,0.2987729813972689,0.8739424906877484,621,2039801,1.5305017741305005,5.015486088579723,4.314854959761433,19.282314401490726,621,150.65805053710938,34.856136322021484,43.541961669921875,74.08235931396484,0.033223033398358325,465.3481140136719
337.png,3.93262247,2252857,1600487,0.2916746397182989,0.9197213098263216,470,1472002,1.491531269164831,4.87534876275749,4.21672577177921,17.144527745060707,470,154.33421325683594,28.958112716674805,33.286094665527344,59.115692138671875,0.019588991110284767,216.17633056640625
338.png,4.00812151,2784771,2577134,0.3028754987872095,0.8627999164963871,576,2223551,1.5306908283308116,4.670995260960372,3.961011746528979,21.652382984324824,576,151.46546936035156,37.66681671142578,43.21674728393555,73.20260620117188,0.039267463973964176,438.8405456542969
339.png,4.36808019,2390118,2602957,0.3069617431846999,0.8498838052261332,532,2212211,1.5120992012826786,4.05805653941913,3.3630121388859777,21.156817836207303,532,160.7235565185547,38.891719818115234,38.494117736816406,64.53522491455078,0.028796141899989167,369.7917175292969
340.png,4.24809425,1388398,2572994,0.3187844780217227,0.8459530026109661,522,2176632,1.534842969243445,3.932501797031752,3.266152141630559,22.078990197630755,522,157.7032470703125,42.555484771728516,43.10588836669922,58.099117279052734,0.04481546513704886,258.9698486328125
341.png,3.28656887,901792,2447881,0.3054292056670353,0.8565498077725183,526,2096732,1.5286522793313493,4.951975682407285,4.4248294808779605,23.303787812008977,526,159.8329315185547,37.76381301879883,47.29521942138672,76.00811004638672,0.038861432273804834,470.114990234375
342.png,4.06436548,1947946,2552424,0.3184733387143725,0.8214669663034041,709,2096732,1.5810855302510645,4.329614457837064,3.784795803057507,17.354373307203996,709,154.3917236328125,42.818965911865234,71.46408081054688,86.4114990234375,0.051023446235216374,546.8445434570312
343.png,4.34097781,2444620,2566636,0.3225210827639616,0.8144127176584447,671,2090301,1.5830701621592576,4.540546484525917,3.867591465071938,18.76963569615733,671,140.96792602539062,41.405128479003906,64.12786102294922,84.44701385498047,0.06411228728005448,672.7009887695312
344.png,4.4520531,2146292,1911915,0.3521800397877984,0.7797851891951264,590,1490883,1.6322409805090274,3.9823917921864096,3.5682585193575465,16.49635593773303,590,146.3701629638672,48.94108963012695,76.66294860839844,87.87814331054688,0.0797172814992507,447.2298278808594
345.png,4.50280062,2600669,2541054,0.3199866920602172,0.816542269467709,637,2074878,1.5695707026801904,4.3759408542682126,3.845864764445504,16.316603287506112,637,157.33328247070312,44.13691329956055,69.97115325927734,87.47930145263672,0.05447553191962735,579.0203857421875
346.png,3.19426121,901792,119387,0.2979542737634424,0.8762093025203749,196,104608,1.5941243279397097,4.554357668676927,4.21775637518062,10.694128694925675,196,146.9871063232422,41.086517333984375,100.10931396484375,123.60948181152344,0.053987799068388735,2096.001708984375
347.png,4.1146438,1947946,404556,0.2856832144622555,0.906101998240046,331,366569,1.541150701438159,5.076988863033104,4.554943241474068,17.277988831526624,331,158.19602966308594,33.70145034790039,65.63884735107422,101.80723571777344,0.02158871113736625,981.5042114257812
348.png,4.1146438,2444620,2252857,0.3099515767947239,0.8422616260153218,591,1897495,1.5571357646338102,4.311073252228384,3.675678401514244,22.74577388978726,591,157.1742706298828,40.82292938232422,56.666259765625,76.16808319091797,0.04195929365669645,407.30718994140625
349.png,4.14392418,2146292,2784771,0.3286283882042327,0.7954941357835168,620,2215269,1.5759478832929463,4.17446342070832,3.514406578106552,17.15854112892107,620,154.7083282470703,44.12255859375,64.12970733642578,83.45223999023438,0.05519491971065053,556.8551025390625
350.png,4.35204435,2678813,1388398,0.3064551231539054,0.8637991411684546,531,1199297,1.5727392262801396,4.808750985363306,4.138151638283554,25.177417768305183,531,163.21923828125,41.58163070678711,78.4981689453125,93.9005355834961,0.039224889184948146,658.7361450195312
351.png,3.1947079,2600669,901792,0.2976865542063041,0.8874507646996204,748,800296,1.5614791065868232,4.84781401824439,4.235552721182431,18.12079098812606,748,142.88607788085938,32.24223709106445,68.13011169433594,87.13701629638672,0.02967488564176836,767.0628051757812
352.png,3.98428625,2406716,1947946,0.2740669225821084,0.9502044717872056,727,1850947,1.4425635660882716,4.959755396853613,4.420585661411424,21.708380387447008,727,145.74066162109375,23.701833724975586,38.65610885620117,61.99296569824219,0.004178359090432634,403.4691467285156
353.png,4.04889143,958955,2444620,0.3039477322596239,0.858677831319387,1064,2099141,1.5788740716584309,4.3058462273054525,3.7231448363329047,17.84399084980705,1064,150.72842407226562,36.11942672729492,65.8503646850586,79.22600555419922,0.032176399766779155,487.3600769042969
354.png,4.33045945,2729435,2146292,0.2924629098880303,0.8938164052235203,929,1918391,1.5449097130175025,4.560156772816586,4.0179033024094535,21.74857357827637,929,147.4645538330078,31.20871353149414,55.109737396240234,71.505859375,0.020320932174449517,450.698974609375
355.png,4.31266733,2560425,2600669,0.3206307057584269,0.8134291599584569,1062,2115460,1.627846605649798,4.068806080111087,3.579361901970727,15.752302277104723,1062,146.3379364013672,41.032466888427734,70.74256134033203,83.52752685546875,0.04876565466494458,588.0039672851562
356.png,2.93757256,1629569,901792,0.2976865542063041,0.8874507646996204,748,800296,1.5614791065868232,4.84781401824439,4.235552721182431,18.12079098812606,748,142.88607788085938,32.24223709106445,68.13011169433594,87.13701629638672,0.02967488564176836,767.0628051757812
357.png,4.07514476,2420493,1947946,0.2740669225821084,0.9502044717872056,727,1850947,1.4425635660882716,4.959755396853613,4.420585661411424,21.708380387447008,727,145.74066162109375,23.701833724975586,38.65610885620117,61.99296569824219,0.004178359090432634,403.4691467285156
358.png,4.23004294,2589047,2444620,0.3039477322596239,0.858677831319387,1064,2099141,1.5788740716584309,4.3058462273054525,3.7231448363329047,17.84399084980705,1064,150.72842407226562,36.11942672729492,65.8503646850586,79.22600555419922,0.032176399766779155,487.3600769042969
359.png,4.46518225,2390118,2146292,0.2924629098880303,0.8938164052235203,929,1918391,1.5449097130175025,4.560156772816586,4.0179033024094535,21.74857357827637,929,147.4645538330078,31.20871353149414,55.109737396240234,71.505859375,0.020320932174449517,450.698974609375
360.png,4.55674514,2678813,2600669,0.3206307057584269,0.8134291599584569,1062,2115460,1.627846605649798,4.068806080111087,3.579361901970727,15.752302277104723,1062,146.3379364013672,41.032466888427734,70.74256134033203,83.52752685546875,0.04876565466494458,588.0039672851562
